vehicle_id,brand,timestamp,odometer_reading,engine_temp_c,engine_rpm,oil_pressure_psi,coolant_temp_c,fuel_level_percent,fuel_consumption_lph,engine_load_percent,throttle_pos_percent,air_flow_rate_gps,exhaust_gas_temp_c,vibration_level,engine_hours,brake_fluid_level_psi,brake_pad_wear_mm,brake_temp_c,abs_fault_indicator,brake_pedal_pos_percent,wheel_speed_fl_kph,wheel_speed_fr_kph,wheel_speed_rl_kph,wheel_speed_rr_kph,battery_voltage_v,battery_current_a,battery_temp_c,alternator_output_v,battery_charge_percent,battery_health_percent,vehicle_speed_kph,ambient_temp_c,humidity_percent,gps_latitude,gps_longitude,engine_failure_imminent,brake_issue_imminent,battery_issue_imminent,failure_date,failure_type
VEH0006,Ford,2023-01-01 00:00:00,79524.81157,89.76360834,1343.764309,35.41333983,84.98417404,67.76099679,8.481858909,58.13276018,54.09657135,57.74285259,296.2838047,1.379032779,1118.427736,1093.377492,8.984888338,105.6469663,0,91.78142378,66.40855273,36.77490143,48.84804196,83.06262462,11.59045865,-13.78871698,25.28172493,14.6030864,86.58729465,90.29814079,84.462133,30.41480915,44.15257398,30.46125468,79.41715458,0,0,0,01-01-2050 00:00,No Failure
VEH0006,Ford,2023-01-01 00:37:00,79529.96722,97.31529743,1638.07698,45.51132534,89.68808574,72.18514851,6.70345545,26.93143586,38.69897651,40.83857668,358.7932063,1.148794,1118.60968,1025.448637,8.983496317,136.0836041,0,76.58633881,53.68338428,99.42790201,101.1377727,23.68198984,11.34689084,35.12973811,18.26799338,14.26239303,43.15145662,90.29628287,92.42496839,42.64090844,50.42360338,29.73498815,75.40105135,0,0,0,01-01-2050 00:00,No Failure
VEH0006,Ford,2023-01-01 00:48:00,79598.81494,94.40464951,1805.761976,42.68078646,87.87191709,18.22730644,9.508362135,35.80929991,58.3879404,54.60008346,241.628077,1.076897895,1120.224118,1112.645862,8.958918738,85.04107977,0,96.2641318,67.33702171,52.07445337,31.84431243,37.0335347,12.73072235,13.83720836,29.96796326,14.37077153,66.38763203,90.27939235,92.39345338,31.78220859,42.72921865,28.26961884,82.14581054,0,0,0,01-01-2050 00:00,No Failure
VEH0006,Ford,2023-01-01 00:56:00,79611.75003,90.13615865,1373.532403,52.98841781,89.01338159,69.83768631,5.360281163,50.83327863,59.11722393,44.6401164,298.2739967,1.339294582,1120.465956,917.356151,8.950459644,86.94522151,0,16.93450549,26.60202795,65.092141,67.93042389,59.9533176,12.99876123,-0.809570866,33.22056604,14.20050831,47.5556601,90.27456422,54.74199923,36.26793156,53.83050685,32.111248,84.25735705,0,0,0,01-01-2050 00:00,No Failure
VEH0006,Ford,2023-01-01 01:35:00,79596.21669,86.8681805,1466.262862,56.68787466,92.30483599,68.46268391,8.850409651,21.06313127,21.26860504,70.79602563,792.2444166,1.15432614,1120.013072,1022.173403,8.963713979,55.44048779,0,5.69378983,82.44302391,20.38691013,77.54544718,68.15988404,13.04261301,-10.5992435,25.12919204,14.45948181,70.90581997,90.28345119,114.9550087,25.08975178,49.51059161,32.69177192,80.74727484,0,0,0,01-01-2050 00:00,No Failure
VEH0006,Ford,2023-01-01 01:44:00,79558.58134,97.96596002,1991.264674,29.04018644,91.0747149,33.59682548,5.36119452,4.217289779,29.8968653,47.03359449,159.8673672,1.68262333,1119.037918,1195.296111,8.979465995,63.94433076,0,27.99827561,35.73284993,80.34407839,77.68044823,26.21107146,13.11739492,20.04182471,26.0083156,14.75912691,62.55366368,90.29202312,91.42648142,35.0946324,56.97087382,29.62057151,78.16378414,0,0,0,01-01-2050 00:00,No Failure
VEH0006,Ford,2023-01-01 01:44:00,79590.57189,88.01993011,3812.176235,35.0353215,93.82493256,53.37316358,1.896174565,28.74218255,22.9838512,17.92358955,447.4525616,2.009891181,1119.549725,1073.334832,8.969804437,-10.8387619,0,67.44400104,85.42825582,81.35841981,124.1852169,-32.09206765,12.60800358,20.33708482,26.13954635,14.09827289,65.56922113,90.2882448,119.9897181,16.72853586,43.93106182,33.21059459,83.37322034,0,0,0,01-01-2050 00:00,No Failure
VEH0006,Ford,2023-01-01 02:13:00,79935.22597,91.74846297,1738.060147,40.68910802,88.26694557,21.49274133,4.409554879,50.06456926,29.34604638,46.53944032,340.3870971,1.281012047,1123.833509,950.6908641,8.888314641,-30.18112314,0,31.21566901,51.74836493,81.84869261,12.65946868,33.70180913,11.66597283,9.666140658,26.57745931,14.18171474,59.79231274,90.23487793,99.4152099,20.45763725,53.59076412,29.44237559,83.25363529,0,0,0,01-01-2050 00:00,No Failure
VEH0006,Ford,2023-01-01 02:48:00,79822.97077,97.94079073,1835.532745,34.31855198,91.05521871,18.39330558,7.719927895,40.53030951,27.53599943,46.88004385,226.7652161,1.171576856,1122.393272,1165.564605,8.915602485,127.2956088,1,89.49336746,61.33763779,99.21242141,98.9027507,55.7664487,12.63122306,21.24486873,22.26153148,14.21600131,98.5289707,90.25035122,137.1702394,18.33516229,65.62046412,28.46074613,78.95965912,0,0,0,01-01-2050 00:00,No Failure
VEH0006,Ford,2023-01-01 02:50:00,80222.76891,99.35596879,2418.130238,38.87909019,84.8915441,10.619283,3.065784022,31.26618167,27.54587999,51.06568,122.692421,0.874631291,1127.733328,1102.592426,8.807685272,78.01280844,0,70.76939895,47.76297919,139.6658018,13.98806362,90.89404935,12.64031707,24.88341265,20.88857347,14.77649865,85.60954717,90.18742426,36.40728458,21.16313736,92.81212556,34.91818907,79.05679788,0,0,0,01-01-2050 00:00,No Failure
VEH0006,Ford,2023-01-01 02:56:00,79655.43588,102.0887063,1993.07235,39.65967571,87.38803658,7.938794761,4.854926223,74.31386841,33.48579893,13.61092151,528.1293951,0.926834908,1120.947519,1015.841019,8.946188951,72.25845061,0,21.39557849,72.66975853,36.24586878,41.24455605,15.69333893,12.41770101,0.221658269,12.89850399,14.34912795,75.23905626,90.27066935,94.0865537,42.95190882,46.95513303,30.76170135,83.47380577,0,0,0,01-01-2050 00:00,No Failure
VEH0006,Ford,2023-01-01 02:57:00,79583.55928,94.15220795,2932.261558,33.86586464,91.2544444,77.19722436,1.280433235,64.58705826,18.78555387,80.44881009,550.178859,0.784053551,1119.124057,1140.578055,8.971950715,-9.881104159,0,16.67532696,38.5515625,63.667536,56.42966148,65.83370454,10.01620326,-65.38971221,27.12871194,13.914573,54.68471327,90.29097604,56.76757883,30.1909344,77.24782118,28.51509749,76.57930444,0,0,1,07-01-2023 02:57,Battery Dead
VEH0006,Ford,2023-01-01 03:00:00,79901.84963,100.183305,4167.82367,55.28096302,86.36027561,27.75024216,3.921982325,83.46845018,35.70408935,38.25369476,351.7673402,2.245231642,1123.43045,919.587338,8.890806282,52.79388221,0,94.44363296,35.00187107,78.31620527,61.28658081,-2.639502345,12.62132284,43.97488963,20.30508216,14.58664522,87.75904113,90.23643008,166.9553164,2.960089666,67.73618879,33.67899583,81.85532122,0,0,0,01-01-2050 00:00,No Failure
VEH0006,Ford,2023-01-01 03:27:00,80021.636,93.83110994,2036.470802,29.00428011,88.9610678,42.71565073,5.375963032,21.63749614,35.50079007,44.38877436,232.8621543,1.822567173,1124.866587,1078.13461,8.864467977,112.8923715,0,2.752983496,25.53410942,56.63865006,56.52214496,53.13872242,12.451337,9.676858301,27.83060157,14.13152791,42.08619632,90.2188899,57.66499538,43.84970823,77.6610547,33.52251965,79.03697176,0,0,0,01-01-2050 00:00,No Failure
VEH0006,Ford,2023-01-01 03:36:00,79768.39911,101.1649245,1997.518477,32.87163187,94.47027009,97.76162185,5.275681767,69.51958909,21.38631883,87.53157522,351.6664257,1.057198345,1121.911255,953.7400802,8.931285686,153.5398601,0,3.126092486,117.00649,67.60937498,96.07601606,54.85716635,12.07563264,16.8324774,18.64931242,14.39189285,95.8411402,90.25709099,82.56578774,33.67903475,67.1092773,31.00104133,84.24453501,0,0,0,01-01-2050 00:00,No Failure
VEH0006,Ford,2023-01-01 03:40:00,79706.64153,89.48670762,3068.214548,50.3911998,88.19538271,61.8492825,0.0,4.057270421,6.100437518,56.99532544,333.2049335,2.30677103,1121.090376,1058.59003,8.938582234,121.1381757,0,51.35211058,67.16668236,79.78716071,65.46629666,10.74792228,12.4575955,2.174982458,18.86828376,13.69025621,72.52884266,90.26391716,100.3762953,29.72971938,61.04552632,33.82394077,80.63491,0,0,0,01-01-2050 00:00,No Failure
VEH0006,Ford,2023-01-01 04:08:00,80171.89052,91.52201818,2763.77202,43.38661634,90.47773084,31.31132613,6.350458369,45.35470976,75.25940017,44.94243201,409.1525843,1.284500991,1126.90958,876.7531571,8.813350215,71.24470637,0,53.85256933,42.35740845,14.60155146,40.59736396,95.55650247,13.04937403,35.46412621,27.33887107,14.36996755,61.33630909,90.19704755,66.32085042,11.38417933,41.18117436,31.78952676,80.82081792,0,0,0,01-01-2050 00:00,No Failure
VEH0006,Ford,2023-01-01 04:59:00,79797.79935,102.0828369,2674.359516,49.60955351,85.97495075,82.88393235,7.686942258,62.59507812,27.63755987,13.08251286,621.5424973,1.682083885,1122.305598,1161.733075,8.921652953,20.75546391,0,24.33147929,39.0613707,56.24266209,41.46518872,42.87688853,12.78769941,-24.31081614,23.60059596,14.29211827,61.85694201,90.25260692,31.92941298,43.56836344,72.52335745,29.90940638,76.75894641,0,0,0,01-01-2050 00:00,No Failure
VEH0006,Ford,2023-01-01 05:00:00,79862.23802,92.36990604,1705.960594,51.61988822,90.54702959,15.40044501,5.290294287,24.22236469,34.09442582,64.18510934,293.2030161,1.606918192,1122.520514,1059.195827,8.908574474,97.40970126,0,34.77982955,63.03690041,49.16165511,88.28719396,74.15758449,12.55516977,-0.572971516,23.46790537,14.33384104,97.7910423,90.24819816,99.30394167,34.22521424,47.21386719,28.82965705,83.53600784,0,0,0,01-01-2050 00:00,No Failure
VEH0006,Ford,2023-01-01 05:00:00,80141.70067,93.05767592,4126.922679,29.14911861,88.77436532,98.9953456,4.779586858,59.71225068,16.53417966,46.2411946,127.5305039,1.364528791,1126.48097,861.3396505,8.816857714,38.32062541,0,6.784830206,45.43398759,10.41356179,58.67672292,135.8479617,11.70004678,8.149424652,28.04996424,14.3162824,66.44275329,90.1990564,90.24198531,37.87545662,65.89486802,33.91103772,84.07017622,0,0,0,01-01-2050 00:00,No Failure
VEH0006,Ford,2023-01-01 05:06:00,79873.91661,87.60002126,2728.737017,30.49819369,92.65814303,79.31676587,8.713311778,13.99969489,23.16868893,53.14108608,327.4471547,1.579615898,1123.226402,845.5081725,8.898736836,71.82616627,0,28.35384351,57.8255509,60.75875375,35.2905806,85.82105928,11.95410029,47.72719382,23.97457737,14.60270101,52.22336585,90.24118748,38.03263562,22.81137054,49.18314762,28.38269093,81.63114012,0,0,0,01-01-2050 00:00,No Failure
VEH0006,Ford,2023-01-01 05:20:00,80194.37745,101.1899941,1960.413399,47.37801855,93.04444217,24.33982634,3.066079699,21.00220888,0.935814833,23.74056629,407.4788671,1.709751077,1127.114888,1082.554467,8.811518702,83.14365611,0,29.25218557,28.62882068,17.01432483,54.74075649,85.73032704,12.58181401,13.95746383,18.73933672,14.00784658,90.80667904,90.19336808,109.6046966,19.86331487,53.8860018,34.0456285,81.18286449,0,0,0,01-01-2050 00:00,No Failure
VEH0006,Ford,2023-01-01 06:17:00,80123.29959,92.96230711,2284.468516,37.14471817,84.79252986,91.30000959,2.899723062,67.21804539,40.88730639,66.90317156,535.6598544,1.663003662,1126.383345,961.1784414,8.819763876,44.19242495,0,9.144391283,93.37193174,90.55960444,61.15630155,70.98026282,11.71372143,24.89266261,32.36245086,13.93947638,83.16396059,90.20140934,74.50835865,37.9778521,71.95715515,32.4847045,82.32023745,0,0,0,01-01-2050 00:00,No Failure
VEH0006,Ford,2023-01-01 07:09:00,79748.35823,89.62701107,2147.397622,47.33164819,91.24232819,94.51616408,2.861271275,54.18164282,31.93991863,76.98966624,513.5426369,1.128297738,1121.459467,962.6491226,8.935738978,68.60421061,1,65.96122248,75.02584677,70.43254108,47.45138125,33.72251119,13.33750047,-4.9942935,14.02605155,14.28714857,63.87711074,90.25945778,43.7280281,29.80796343,58.04369021,33.16821736,81.45693839,0,0,0,01-01-2050 00:00,No Failure
VEH0006,Ford,2023-01-01 08:33:00,79680.29465,98.2905835,2436.221705,50.32962428,93.65749076,19.74236132,5.504828919,36.82740774,20.34312566,55.73188653,256.6488534,1.820984105,1121.000809,955.4735134,8.943783842,-10.900631,0,93.86546086,76.32772256,48.62869367,20.30009678,79.80270045,12.11379565,50.32126544,25.9106167,14.35933368,83.69431732,90.2680552,39.00487093,32.93582219,79.13242129,28.22409534,77.3081539,0,0,0,01-01-2050 00:00,No Failure
VEH0006,Ford,2023-01-01 08:38:00,80263.48732,111.2189947,1697.397763,54.87771209,94.62265449,6.23040843,2.830309957,40.01117879,0.657193727,49.0679115,412.8493453,1.570946768,1128.46636,1092.22715,8.781633267,69.66091473,0,89.62886157,117.002214,52.85770993,80.18886477,82.55427935,13.72564134,27.50402617,17.62435717,13.88974882,98.82714405,90.17800726,58.87752962,44.28540394,39.60489793,34.73569978,79.79527761,0,0,0,01-01-2050 00:00,No Failure
VEH0006,Ford,2023-01-01 09:36:00,79863.26204,101.3738201,2047.973591,44.73533313,85.89925151,4.798361396,1.634096244,34.17021825,12.60326327,44.3805201,389.6219502,1.488359449,1122.987191,1114.501883,8.906725094,184.1466971,0,99.89462942,61.93675034,95.93134254,49.42919252,3.558817618,13.53297616,-1.26965453,22.94265794,14.50004738,63.67406925,90.24450754,17.34537175,35.28863857,45.40235864,30.14796577,80.40385248,0,0,0,01-01-2050 00:00,No Failure
VEH0006,Ford,2023-01-01 10:48:00,80032.96797,98.89983813,3335.708658,57.58495841,94.15209821,7.511280409,8.968316371,41.14060127,28.70838107,20.55197493,807.8597235,1.290516383,1125.139464,1146.16786,8.856622842,2.411108054,0,17.21999622,96.59004641,57.64864356,68.70991297,75.19086583,12.664389,31.01336258,19.05030274,14.47206219,72.95563969,90.21549004,113.6928853,19.84854658,54.67117158,31.89113816,75.66044026,0,0,0,01-01-2050 00:00,No Failure
VEH0006,Ford,2023-01-01 11:00:00,79979.81994,92.34270153,2796.48305,45.97911429,91.93343657,7.834901025,5.045519071,29.60298987,9.036231078,38.20705234,488.3859342,1.397851944,1124.448738,951.5153719,8.872394306,41.41225777,0,88.29006651,77.90452951,104.151337,80.98699513,50.38347454,13.33255071,-2.0680616,13.89207403,14.14396366,79.37708822,90.22375998,81.02632027,24.68706609,52.12920475,32.16534063,82.76691837,0,0,0,01-01-2050 00:00,No Failure
VEH0006,Ford,2023-01-01 11:15:00,80080.51403,93.20243909,1552.305987,55.10921368,86.96850946,44.45781979,3.581973505,63.60501857,23.02162934,65.27992865,463.1870485,1.343999347,1126.096296,1104.73827,8.830285308,4.025589748,0,81.88960691,38.11017403,123.1261761,99.7553059,103.7097124,11.87855475,4.856744462,22.42202977,14.31770722,57.86795554,90.20597245,164.1017359,37.01166365,61.07913721,31.19861426,83.47879768,0,0,0,01-01-2050 00:00,No Failure
VEH0006,Ford,2023-01-01 11:33:00,79974.30225,100.2128082,2951.377179,60.42514741,87.63206874,54.15764144,6.740201572,38.80135131,1.208254495,48.59762431,452.196527,1.267894167,1124.055249,929.4432539,8.879015393,61.16790138,0,59.43451478,53.53887339,63.57973103,54.53687675,35.06732284,13.40901085,-8.308833516,26.49242412,14.03118715,57.62963441,90.22870917,36.10582188,41.14407156,63.46662192,33.7737908,77.15885948,0,0,0,01-01-2050 00:00,No Failure
VEH0006,Ford,2023-01-01 13:40:00,79955.92287,95.15323243,1203.736838,56.38762471,88.35770465,1.418071362,0.0,75.50848047,26.94948828,42.6719019,507.4635662,1.943051511,1123.912661,1089.130494,8.883533601,68.43641454,0,22.20274264,63.65623968,91.22697063,68.13303742,41.61358954,13.25246018,18.12793971,18.13411834,14.87495272,57.52277495,90.23310094,54.15013013,36.33147097,38.48066509,32.0189383,81.12138164,0,0,0,01-01-2050 00:00,No Failure
VEH0006,Ford,2023-01-01 14:18:00,80297.83043,95.94017503,2130.362979,50.30953264,92.76772298,14.36539723,7.82311357,62.23144147,35.05610174,68.25169731,453.149768,2.225122429,1129.265672,829.7213926,8.775008227,137.4159317,1,64.19465204,96.17384059,69.18701533,44.69148178,64.45327928,12.94486647,12.78525013,19.90950522,13.80830489,65.39317038,90.16972607,10.399316,33.29721896,65.99959227,28.15130916,83.68561347,0,0,0,01-01-2050 00:00,No Failure
VEH0006,Ford,2023-01-01 14:35:00,80037.66602,98.27241376,3809.924103,28.72797494,86.69816164,23.95127437,6.769739461,33.47339064,9.393838056,50.91036094,423.036712,1.244174171,1125.6017,1017.767654,8.846788275,125.4377672,0,46.86574831,74.9495537,37.13592425,38.6896737,96.16092121,12.53714191,29.47345033,30.90482938,14.68889311,45.71262679,90.211419,96.93647817,48.33785844,55.46844954,33.51023667,83.25784893,0,0,0,01-01-2050 00:00,No Failure
VEH0006,Ford,2023-01-01 15:24:00,80214.71858,96.96948567,1830.856251,43.13280342,89.04453085,60.6495852,5.751061482,41.46668177,16.1416583,51.83541896,539.7525556,1.613494332,1127.449147,1153.213175,8.808962808,160.4166292,0,50.88629667,42.43693824,77.68490296,93.47882389,29.33181498,12.78268865,27.27492371,25.89338716,14.38883982,91.30580584,90.19029545,84.50415465,37.20484222,74.47197054,33.73257251,79.91726274,0,0,0,01-01-2050 00:00,No Failure
VEH0006,Ford,2023-01-01 16:28:00,80280.19998,95.70901835,3030.315824,59.04515887,92.25997512,9.093909779,4.116727059,12.61442332,8.326785823,24.77452745,138.3397445,1.166653745,1128.886677,1040.083902,8.778205443,148.496727,1,22.80826358,58.47417063,40.26006964,62.07701198,31.79587782,11.4559432,26.04367913,22.46767066,14.26506307,60.26716356,90.17352144,76.88435461,32.71059423,60.14512189,31.11241852,82.77237237,0,0,0,01-01-2050 00:00,No Failure
VEH0006,Ford,2023-01-01 17:16:00,80093.03661,93.06859538,2753.642393,47.03100226,88.58354165,6.809908166,2.767705455,34.17801936,52.09514892,57.45686268,472.3913509,1.641238919,1126.26378,821.5403913,8.823574462,50.09407224,0,9.960619319,57.40241886,88.4186639,108.6929436,41.15911627,12.41039312,15.87126101,27.76750688,14.00822998,53.82939248,90.20445152,52.89005121,33.51201945,65.94056329,31.09094829,75.72024696,0,0,0,01-01-2050 00:00,No Failure
VEH0006,Ford,2023-01-01 20:48:00,80063.44651,99.40083597,1869.984808,27.76114144,90.34651816,69.20250844,8.509902361,77.14421588,3.49060949,16.17861896,452.8040984,1.722090109,1125.755503,1114.635343,8.8373207,1.952089042,0,59.49156635,59.21627157,51.59046128,14.47300635,-10.35973309,12.07858951,-21.60777189,34.63050456,14.06635724,57.3376463,90.20715787,88.87440904,22.66640109,65.10667306,32.46653345,78.86799899,0,0,0,01-01-2050 00:00,No Failure
VEH0006,Ford,2023-01-02 06:36:00,80230.39723,86.11715672,1792.242531,35.64701444,87.105628,68.88753754,4.903247586,61.58233185,0.0,32.34670534,639.6504265,1.621476933,1128.408561,893.5324951,8.789893717,44.03996981,0,61.71872827,36.74562831,14.64457896,90.61349162,50.04891563,12.16253437,-11.60063029,27.66109691,14.10583735,80.49698547,90.18153914,0.0,25.02734163,79.55038021,32.26059521,80.94206097,0,0,0,01-01-2050 00:00,No Failure
VEH0006,Ford,2023-01-02 07:26:00,80316.93428,99.23383768,1952.735702,49.66192798,95.65215103,86.32507954,7.643493947,36.03133613,38.69520148,40.33394415,433.2583701,0.851431501,1129.609051,1008.767145,8.758756842,69.05825413,0,2.94092933,66.46056358,78.12106139,46.88300347,66.38857584,12.4863077,12.97849891,33.66078076,13.76068211,93.53997978,90.1621634,92.37621279,24.47044963,49.90510061,33.1927303,78.35034179,0,0,0,01-01-2050 00:00,No Failure
VEH0006,Ford,2023-01-02 08:40:00,80302.15203,85.49096024,885.9667187,52.15447601,85.48199271,84.48337983,3.630668952,70.46234743,17.52758269,80.31150528,512.062879,2.110869969,1129.33343,1010.024025,8.76818955,109.9097069,1,30.60317244,119.4269188,34.59010201,55.18217147,58.69100322,13.30598702,-16.69474438,25.50012909,14.26008048,41.58076732,90.16610632,60.5168978,31.02652725,73.35928985,28.22433995,84.67539095,0,0,0,01-01-2050 00:00,No Failure
VEH0006,Ford,2023-01-02 09:15:00,80225.57534,102.6802533,3947.07167,39.75739404,84.11009527,13.83736584,7.014673723,24.33037126,42.75888272,28.72645411,572.0666917,1.041820924,1128.106957,1011.393322,8.797925602,-48.52669572,0,64.57683609,62.58156272,88.08881278,89.31786735,67.35712254,12.28635757,-7.125749429,20.31664986,13.39156012,45.07927563,90.1834213,134.1535186,27.04169536,46.19341344,34.89455483,78.94480116,0,0,0,01-01-2050 00:00,No Failure
VEH0022,Ford,2023-01-01 00:00:00,75145.96756,91.57168056,1804.384487,47.36370825,91.51028668,99.13135668,5.741362201,24.63492412,38.14276905,86.55398115,342.1157698,1.466070286,3952.477227,977.8268895,9.502102233,108.4927311,0,48.09711077,124.5717299,57.09505316,62.98203097,5.715870808,12.83037059,1.319081824,29.74635682,14.12348057,64.15363357,93.69805485,119.8461998,44.93233693,61.82535101,33.27423414,77.54613985,0,0,0,01-01-2050 00:00,No Failure
VEH0022,Ford,2023-01-01 00:26:00,75190.84444,97.71208409,3240.885159,29.69395764,87.08077231,15.66458704,7.37128858,18.5958381,59.98560462,71.00615174,264.8554873,2.170319148,3952.54331,880.2607176,9.492604505,70.63839853,0,12.31283209,135.1611633,41.58797498,104.3484201,75.94100414,13.89947422,-0.414743428,25.42399175,14.65400332,93.14580818,93.69393764,122.9160282,23.04263723,53.9462481,33.05254473,80.33076286,0,0,0,01-01-2050 00:00,No Failure
VEH0022,Ford,2023-01-01 00:28:00,75191.01715,87.79657587,2280.274943,53.8808918,90.04930327,82.80249981,0.0,20.62783016,35.57222289,35.91239239,411.9217788,0.962005006,3952.697065,1026.779185,9.488577951,67.52778707,0,49.13290728,92.57751449,50.46872182,66.92735291,30.60134961,12.60585473,7.611466244,24.3115348,14.12605485,79.29222284,93.69021021,51.11973097,23.60760929,75.99487997,34.29989243,76.74469429,0,0,0,01-01-2050 00:00,No Failure
VEH0022,Ford,2023-01-01 00:33:00,75234.538,96.80848164,1635.755707,30.85812388,85.88934969,46.68425185,0.0,24.50742124,59.83020752,77.55536506,253.8021131,1.115215885,3952.798791,1024.312008,9.480156771,98.00058151,0,28.95440989,25.75889734,56.99932807,72.89958314,42.52666423,12.16572349,15.24838206,28.11351605,14.35344202,65.5769933,93.68803497,131.3970123,37.68360483,64.41350603,32.43567808,76.66661457,0,0,0,01-01-2050 00:00,No Failure
VEH0022,Ford,2023-01-01 01:38:00,75476.09038,103.6990611,952.3726018,38.15358231,89.6729597,57.15881722,6.4275733,28.53901525,19.95480147,12.41613735,296.4808814,2.365770622,3955.760519,988.9306704,9.409890729,64.76761765,0,20.15514803,72.69617168,100.9707286,70.31363711,101.6196793,13.02742018,-15.1393416,24.92632255,14.39707682,43.86774021,93.65116628,49.64607965,38.91760524,45.92061579,33.02474184,82.97387746,0,0,0,01-01-2050 00:00,No Failure
VEH0022,Ford,2023-01-01 01:54:00,75313.39546,95.90577008,2484.614655,46.62296125,89.60964883,36.13861448,8.819996696,24.00120538,16.56367371,37.81971123,364.1147315,1.520678745,3953.419513,1044.655963,9.458026451,103.3146223,1,53.49147565,84.66848155,52.81477065,67.72841927,56.70631516,12.75828815,28.30830317,27.7220422,14.37901245,57.44241079,93.67765606,63.59022139,14.34834865,48.66220398,32.35277479,79.18927765,0,0,0,01-01-2050 00:00,No Failure
VEH0022,Ford,2023-01-01 02:04:00,75270.81561,101.6222439,1745.801298,37.05986614,88.19019681,91.88590369,6.98473226,14.24096134,23.5775005,76.04017374,326.227213,1.234438162,3953.175023,1251.505866,9.472828678,113.9677714,0,21.8577334,48.19177133,79.62445503,51.17546172,28.19266784,12.2813812,8.480212042,27.83807862,13.84178579,72.44674497,93.68500998,100.7359351,21.9388731,62.24206597,31.16698428,76.07018038,0,0,0,01-01-2050 00:00,No Failure
VEH0022,Ford,2023-01-01 02:25:00,75301.82512,97.32810673,1786.940568,43.16625601,90.18903856,23.41612984,5.099595784,49.39603831,13.71638358,31.84974525,592.0556847,1.767777868,3953.206899,1114.373329,9.467441803,105.8324256,0,48.68864276,44.2013048,120.0520687,65.95193822,74.30800152,12.91024246,-16.96675892,16.07004142,14.13516172,60.62948429,93.68059821,78.99922218,43.24016776,42.80341265,32.84952684,76.10631711,0,0,0,01-01-2050 00:00,No Failure
VEH0022,Ford,2023-01-01 03:10:00,75408.63806,97.29202995,849.4341285,39.90587359,88.03923865,79.11857778,0.0,45.307617,25.32626839,36.61565867,347.8398153,0.693428276,3954.692383,980.707137,9.432823746,182.1854035,0,61.64067835,40.90996154,49.37839653,111.5952034,34.38188394,12.39560484,39.97778344,25.56981944,14.46607058,51.51712372,93.66481694,47.49754981,45.38981323,71.46637415,31.85928125,75.82810583,0,0,0,01-01-2050 00:00,No Failure
VEH0022,Ford,2023-01-01 03:12:00,75657.29122,91.10375257,837.336486,40.8821272,88.1085706,42.45143991,5.283989428,66.95952204,19.85084648,23.23350057,652.5465985,0.510816562,3958.729714,1049.375765,9.355102604,40.6693968,0,38.05967037,72.93143048,35.7092696,40.91564133,107.9570589,12.36054243,-10.79880795,27.79912026,14.30967947,42.63818947,93.61998771,18.28012799,34.17082284,51.80214187,33.08637955,80.50453782,0,0,0,01-01-2050 00:00,No Failure
VEH0022,Ford,2023-01-01 03:52:00,75362.5212,92.80460552,751.2489324,34.24498242,87.7901288,42.41372068,6.801523269,56.70393025,25.64976389,37.83165305,484.5637431,1.099936194,3953.886836,981.2094266,9.439509468,-4.116301102,0,57.68243816,113.135145,58.82600197,77.56064628,77.32073425,12.23033581,-8.153530403,31.70803218,14.13132679,75.26744956,93.67071889,17.96163548,20.65978248,67.91404068,32.0456755,78.1690474,0,0,0,01-01-2050 00:00,No Failure
VEH0022,Ford,2023-01-01 04:12:00,75401.36061,97.57088914,1586.294709,47.43508224,88.94519867,35.99670971,0.0,45.27266262,13.11442796,49.24017738,840.2358773,1.86846515,3954.312038,963.1884934,9.437109647,-9.672036641,0,9.746182592,67.12839823,79.4583452,30.88207778,63.13376742,12.89318817,3.290850611,27.47471385,13.92766544,78.71370344,93.66640746,107.3786917,35.54966272,45.36444669,30.12146582,81.60110993,0,0,0,01-01-2050 00:00,No Failure
VEH0022,Ford,2023-01-01 04:21:00,75764.97462,90.5716084,1628.72148,47.73351062,86.33712446,87.30399428,3.194721292,30.35972614,4.76057281,104.4114962,181.6067528,1.490662231,3960.070624,1013.60409,9.330456011,179.9088693,1,37.81199196,79.00449588,77.59522876,92.35837595,91.4018125,12.77362942,4.270999881,19.62127747,14.35871069,81.90834256,93.60225324,157.1391106,25.78478345,62.08379544,29.97703785,81.80016988,0,0,0,01-01-2050 00:00,No Failure
VEH0022,Ford,2023-01-01 05:22:00,75360.12064,106.50632,2446.226614,57.28919724,86.0646896,67.45707238,6.077680244,52.34037885,32.41868076,40.10690876,197.1385855,1.903072991,3953.512852,1080.470783,9.449140549,89.63619289,0,22.92205181,40.4672977,84.120444,-6.73633775,68.81964185,13.09321836,26.48687411,15.5780764,13.79074723,66.77412819,93.67299077,50.60046541,24.07109459,56.37814999,28.53131306,76.64830511,0,0,0,01-01-2050 00:00,No Failure
VEH0022,Ford,2023-01-01 05:41:00,75414.29268,92.2968957,2998.733681,59.64522568,90.29915563,65.62957399,3.347665046,49.98691216,40.11966165,53.24281952,364.658054,0.963874355,3954.783659,1112.735431,9.424838513,101.6034012,0,55.38100791,38.46944445,76.95266,32.75421882,133.6019557,12.73744799,8.885434162,26.14427156,14.3183175,62.91458844,93.66215591,140.3450295,34.19883035,57.31849294,28.48955785,79.25647655,0,0,0,01-01-2050 00:00,No Failure
VEH0022,Ford,2023-01-01 05:41:00,75831.63822,99.7561829,842.0656961,44.42640942,86.62312031,67.78697799,2.559075465,32.09460743,31.36290628,26.8963688,-70.39655892,1.592600262,3960.250194,1045.79328,9.327546655,77.8908884,0,68.72580361,75.92840893,21.26591458,40.64610968,69.08707011,13.05738152,-28.30705708,25.02364459,14.45472409,98.9746304,93.59625233,102.4176323,37.64717489,28.16171761,32.80683004,79.19717567,0,0,0,01-01-2050 00:00,No Failure
VEH0022,Ford,2023-01-01 08:27:00,75431.50201,96.06737426,3174.113563,46.57358256,92.64594592,35.4906241,4.444523614,0.0,47.47456673,85.77694429,374.1408629,1.859387452,3955.329315,924.3727454,9.414576598,129.2166804,0,13.2177648,34.62650614,85.92475915,40.90278992,88.90357764,11.86941296,24.30031908,30.18694943,14.44569131,54.91077512,93.65611072,113.921034,31.58346527,39.55524695,34.36464428,78.6355559,0,0,0,01-01-2050 00:00,No Failure
VEH0022,Ford,2023-01-01 09:18:00,75559.71971,100.6089026,1968.932157,43.13330782,83.75322415,74.98474518,9.24991967,61.2775745,30.40775211,17.34638877,217.5660926,1.783228078,3956.855801,875.2442593,9.391266267,37.14453947,0,66.83734737,67.07541837,12.12127108,68.11931598,-4.102153622,13.76105077,12.28268377,24.21347437,14.8640199,70.84301306,93.64045333,72.06873844,31.36593676,61.60928322,33.10573727,84.76874874,0,0,0,01-01-2050 00:00,No Failure
VEH0022,Ford,2023-01-01 09:21:00,75539.14248,84.49916264,835.2026947,56.21203887,93.41437721,34.40191351,5.48830019,53.75063864,14.63556417,51.24789862,433.3261886,2.308126323,3956.448666,1143.871289,9.393863518,-39.4630592,0,33.25178493,60.95560981,75.96194965,93.85655815,54.3567898,12.9329795,26.15581799,13.79287602,14.05329407,87.34250538,93.64478545,23.63309852,29.78043706,51.56902067,29.34292805,84.91833766,0,0,0,01-01-2050 00:00,No Failure
VEH0022,Ford,2023-01-01 10:24:00,75430.66177,89.81049298,1820.048075,26.18941164,85.92932487,70.78636781,5.981800283,57.96346722,3.909074582,55.14835909,162.5942038,1.796852514,3955.277965,1096.603259,9.416818135,27.64767667,1,21.68230672,74.12343011,82.08729999,17.71002812,11.76791529,12.06047888,-9.653250074,18.40509062,14.51128826,42.23366754,93.6602862,81.52322363,19.53291816,52.63221831,34.04258432,78.18712277,0,0,0,01-01-2050 00:00,No Failure
VEH0022,Ford,2023-01-01 10:38:00,75628.40447,101.8549774,1480.088065,39.68723733,89.67844876,73.98367835,3.861755609,14.32183906,40.92346046,32.46645715,625.1624905,1.912894242,3958.414184,842.85175,9.365425567,139.420698,1,80.22551356,58.20395492,58.16342196,41.49842347,106.9164384,11.69546421,15.98007195,21.12289148,13.92840827,79.93049892,93.62960677,111.7979653,29.71402044,34.20737994,31.79113796,75.65745505,0,0,0,01-01-2050 00:00,No Failure
VEH0022,Ford,2023-01-01 11:00:00,75808.11006,91.81939617,2084.492924,38.70925886,88.21670409,12.51354039,0.72788473,33.11271145,32.67885125,31.6518509,403.1192622,1.499780557,3960.211422,770.018161,9.329264199,67.17023108,0,87.37825353,116.3297778,35.62666445,60.80465443,62.62414939,12.26645269,0.704899532,21.45249746,14.32892203,78.56750333,93.59827104,78.02000412,28.89784384,92.30935008,32.46925334,84.81438716,0,0,0,01-01-2050 00:00,No Failure
VEH0022,Ford,2023-01-01 11:15:00,75484.39303,102.7154554,2866.5122,68.79173726,88.98888242,63.54027933,4.926281717,86.36369714,15.74439232,38.46636299,377.2045147,1.625399779,3956.044459,936.3130822,9.400835613,-54.28746176,0,16.91825319,85.99011053,54.23409329,101.1406231,100.2582246,12.67100408,42.67302753,33.95566663,14.32967277,76.968045,93.6501287,82.75784575,10.41808349,56.46926103,30.68683356,82.15087661,0,0,0,01-01-2050 00:00,No Failure
VEH0022,Ford,2023-01-01 11:33:00,75913.56439,96.97683869,700.0,39.62530067,85.4322469,1.721395854,5.989147595,27.76683539,29.40700319,43.90515541,124.9259505,1.370778024,3960.673596,1114.183637,9.321352256,-26.49428566,0,44.32296794,118.4891189,90.8734952,67.62475352,84.35844513,12.35160546,7.917037789,21.87090537,14.65979051,60.07265729,93.58990939,88.13291601,31.93174958,58.78948999,29.61305931,79.28401473,0,0,0,01-01-2050 00:00,No Failure
VEH0022,Ford,2023-01-01 11:54:00,75605.72997,103.6733744,1522.308381,44.01005405,89.64816557,8.621035179,3.600672871,1.502055462,52.74527616,66.28866702,424.5319899,1.734650941,3958.140801,1054.451817,9.370227202,60.47606275,0,36.67249944,54.31800528,62.30073039,71.78878368,75.57731747,11.97375129,-16.70842762,25.56201523,14.6197393,93.34289639,93.63105942,20.85179436,32.07399876,30.8262776,31.96233899,80.29700339,0,0,0,01-01-2050 00:00,No Failure
VEH0022,Ford,2023-01-01 12:32:00,75509.82469,93.13698398,2403.916915,50.58716818,88.83592,5.13258269,2.06752003,21.32842055,3.681999313,31.29031772,475.7912968,1.610987464,3956.06665,962.8978594,9.395978631,151.3386733,0,20.46724343,43.79542494,9.49117707,92.27300338,39.71618225,11.74636975,-6.776724387,30.55402479,14.08772167,45.49507156,93.64690876,46.37392893,32.76452402,60.17973719,29.05358414,76.70925338,0,0,0,01-01-2050 00:00,No Failure
VEH0022,Ford,2023-01-01 14:48:00,75981.65067,99.63146436,2326.927655,42.28727016,92.14233383,85.98009503,4.986379489,65.91994981,49.80212872,54.30220101,501.705523,2.066431101,3961.275496,1237.369636,9.297594537,23.84071335,0,42.06915463,70.40488327,14.61977566,27.90628489,40.91165679,12.47139686,21.40833811,28.99580046,14.53776702,81.7239438,93.57694189,28.06306011,40.98289787,80.04327075,32.40613303,79.64750026,0,0,0,01-01-2050 00:00,No Failure
VEH0022,Ford,2023-01-01 15:18:00,75923.31635,91.92259644,1307.36011,41.8464097,92.35336689,82.25985489,0.0,64.02820603,13.48944112,52.62988591,410.4616488,1.535629362,3960.759586,1249.58852,9.319095794,13.05836884,0,3.565531984,62.07676142,73.13694076,112.3980171,50.75018158,12.36073095,15.30900052,24.91810575,14.43494106,97.79761444,93.58735425,85.79374765,15.36275442,61.56110556,30.00077438,76.36428725,0,0,0,01-01-2050 00:00,No Failure
VEH0022,Ford,2023-01-01 15:45:00,75735.67555,104.0306406,700.0,56.82180168,93.79201859,55.31621736,5.396102345,40.76082247,53.49936231,11.94576977,715.9833783,1.86338884,3959.586784,1139.904035,9.343253645,-23.60918912,0,36.37337091,8.749567779,62.45622219,49.65995715,51.00837445,12.78032666,-0.665058443,20.68044066,14.05328722,45.54298951,93.60831319,149.6107894,25.49333386,52.15230799,30.40933378,84.06599786,0,0,0,01-01-2050 00:00,No Failure
VEH0022,Ford,2023-01-01 16:20:00,75605.36657,88.95096046,2207.820391,42.96139626,92.83127643,39.01269866,3.908999985,39.15540313,15.66256928,68.18899841,567.3508674,1.488324981,3957.728468,932.9010814,9.378365526,114.7216363,1,71.68815175,61.23585895,78.16053421,67.13694239,43.53674778,12.60543446,7.747055076,20.81235009,13.93144015,47.50834954,93.63553576,112.0868224,45.81500802,70.53273235,34.43293018,77.84469044,0,0,0,01-01-2050 00:00,No Failure
VEH0022,Ford,2023-01-01 17:36:00,75865.48888,88.92594222,1848.261558,35.24996393,89.3434791,28.77267095,0.913091127,50.11824092,70.29349675,57.56335128,691.2465686,1.268948208,3960.29114,1108.631902,9.324817237,80.31417772,0,22.33182826,43.44456363,46.53934355,53.7506093,80.35208121,12.3967984,-15.60591925,34.28347899,13.68561728,84.15097782,93.59377798,131.1316467,36.06624911,82.36562185,34.86908431,81.52133695,0,0,0,01-01-2050 00:00,No Failure
VEH0022,Ford,2023-01-01 17:44:00,75601.06088,84.59090302,1672.669063,51.56140683,86.57041776,11.57026346,2.721088957,45.48049532,18.94630487,91.45995945,356.4077684,2.03056651,3957.240263,1085.678939,9.384814896,82.48308626,0,32.98641207,39.0596508,23.0255009,42.50621712,26.43571753,12.00590982,-15.92918362,19.82749821,13.76867467,79.93597766,93.63783116,96.10869511,26.35583896,33.76672461,33.39917157,79.66996037,0,0,0,01-01-2050 00:00,No Failure
VEH0022,Ford,2023-01-01 17:55:00,75660.47703,94.3780978,700.0,40.59338001,91.14497808,1.656873673,4.221688131,32.72094362,30.02116119,57.07583019,455.5512705,0.922029821,3958.799823,795.2919773,9.350942767,73.81593003,0,9.75431044,22.51918989,35.30547617,47.59242192,105.3214756,11.74534339,6.617243523,30.82486722,14.4184895,98.105856,93.61788583,58.84296452,33.33143812,88.38008109,34.21698813,84.06015368,0,0,0,01-01-2050 00:00,No Failure
VEH0022,Ford,2023-01-01 18:40:00,75739.21341,94.18207337,1970.950721,38.89471315,90.86153596,42.60757262,4.554472039,43.08893698,45.55554371,53.62418222,460.6708786,1.336309619,3959.903135,833.0311366,9.335687765,72.7560997,0,98.56449581,-2.233358625,57.68812062,128.2961715,64.14652761,12.87160986,33.18778065,23.80928151,14.32226639,66.02511642,93.60708072,92.80872795,36.07528115,57.70536074,32.34979669,80.84378531,0,0,0,01-01-2050 00:00,No Failure
VEH0022,Ford,2023-01-01 20:42:00,75648.57326,86.41945796,1683.994023,26.68478113,93.59338219,57.63426335,0.239249923,47.55877164,28.99470142,44.76157618,755.6306728,1.808583341,3958.487093,1132.587081,9.361495234,-47.9630152,0,80.84390432,46.69304692,46.82550596,89.97587172,77.18924744,12.91323069,-15.46577362,19.43646047,14.31064568,74.22329746,93.62462822,64.89808505,33.23052695,38.29018123,30.33446617,84.10493036,0,0,0,01-01-2050 00:00,No Failure
VEH0022,Ford,2023-01-01 23:20:00,75937.09405,106.1282209,3394.049897,49.80199333,86.22557351,59.21565723,7.640724317,4.438626812,0.0,32.81162046,590.2558115,1.419013925,3960.801226,1035.962406,9.310242842,141.6025629,0,15.72451527,79.55566119,40.50447819,112.0379857,47.32960083,12.31733414,-1.260401573,38.66953013,13.83489797,43.83629525,93.58268216,87.38414858,34.90038701,49.435947,32.5588738,75.62501871,0,0,0,01-01-2050 00:00,No Failure
VEH0022,Ford,2023-01-01 23:24:00,75687.18553,90.11026954,2422.369422,58.95622467,82.96014213,30.79182569,1.112360039,64.3124246,23.09921392,52.55355207,309.7330599,0.952946963,3959.250967,954.3890303,9.347821409,69.22510402,0,65.1825199,22.76915426,73.41467029,37.84713082,60.70099169,13.32008641,-14.7302997,29.46642479,13.84293222,49.9188755,93.61302032,47.90537832,23.53709045,53.56136311,30.29372781,78.50598868,0,0,0,01-01-2050 00:00,No Failure
VEH0022,Ford,2023-01-02 02:24:00,75937.33606,96.42629516,2326.587511,51.63423149,90.55623482,52.82574737,8.332065404,33.10141218,35.37008906,26.70270276,611.8754943,1.310082674,3961.237591,1040.286187,9.305396163,38.77893495,0,27.60798589,95.81227568,102.837995,82.32434583,75.12283062,12.76049686,-1.588079888,27.55642281,14.3178361,78.13118663,93.58081984,27.14085889,32.91867396,25.92591068,28.91755753,75.72232291,0,0,0,01-01-2050 00:00,No Failure
VEH0037,Ford,2023-01-01 00:00:00,29941.58967,89.46564981,1987.640073,47.50180778,89.02647948,13.00117319,5.539463593,62.66290376,33.97873229,40.9887234,246.3814214,1.046967862,2273.991064,915.5769233,8.023780909,112.2131833,0,0.368691403,91.26227173,49.25710518,40.01420424,72.49842758,12.57551136,37.44683771,15.84570237,13.96161501,88.33154202,93.36043576,83.30736758,28.18501922,53.01954908,29.296057,77.8696375,0,0,0,01-01-2050 00:00,No Failure
VEH0037,Ford,2023-01-01 00:56:00,29950.71671,91.72762218,1587.71574,42.8841453,86.73229937,86.41425418,9.736562976,65.80758107,57.94113596,97.42485509,366.0897727,1.300490303,2274.490472,1154.288045,8.018454309,147.9954043,0,82.85821643,10.96480051,102.386942,107.6708552,63.20849635,13.12987943,10.67061381,24.02658207,14.32498207,69.20296371,93.35835023,73.81510038,39.29704317,61.65425836,29.33422472,75.00600715,0,0,0,01-01-2050 00:00,No Failure
VEH0037,Ford,2023-01-01 01:20:00,29976.6124,92.83443829,2214.130602,34.6004992,88.24712991,28.73036969,3.238627093,30.57520278,6.315079695,47.33407547,269.8925546,0.860628465,2274.787232,1081.529927,8.012313323,70.00993712,0,91.94137845,60.01561094,148.6586487,39.38742637,66.13375133,13.04758969,23.76823327,27.84528168,14.10569928,57.64736851,93.35709244,0.475968898,12.56583884,68.92801727,28.69500546,82.26573474,0,0,0,01-01-2050 00:00,No Failure
VEH0037,Ford,2023-01-01 01:36:00,30016.22073,92.58628916,2438.600933,48.16900636,90.17189512,48.42592242,7.114554178,54.33019925,45.05913596,42.90870012,369.8676196,1.932000821,2274.911223,964.5295926,8.007722133,145.6864929,0,49.42374302,22.99369706,85.85738194,105.8902387,61.04896799,12.74379432,26.57124759,17.13220042,14.40997164,91.092604,93.35488704,49.91912919,27.24226729,35.65974692,31.28421594,80.45959594,0,0,0,01-01-2050 00:00,No Failure
VEH0037,Ford,2023-01-01 01:44:00,30062.4935,93.99932738,2216.482223,34.46357967,89.12328912,33.23585602,3.766646331,42.7348769,46.38009887,91.21406702,327.1134758,1.477257258,2274.924444,1099.042129,8.002538324,107.590267,0,95.56709953,70.46852561,-17.54969213,46.74184637,54.86634722,13.06494446,-12.68877269,19.48139938,14.5592667,89.86169738,93.35003264,102.2993502,31.38882853,56.31644753,34.86979343,81.14122371,0,0,0,01-01-2050 00:00,No Failure
VEH0037,Ford,2023-01-01 01:55:00,30643.15275,89.80531928,990.6250553,39.3623167,85.34502698,91.82097488,1.995898983,33.23767233,40.71469764,34.64005241,368.1510047,1.485041744,2279.157057,1011.660233,7.894275381,71.90359775,0,68.01320803,112.520153,12.7358681,26.81855903,64.55903538,12.22262496,18.01163318,29.00744124,14.03331253,92.04969639,93.29668559,58.79526888,36.9918735,23.48284763,31.87115573,84.70226223,0,0,0,01-01-2050 00:00,No Failure
VEH0037,Ford,2023-01-01 02:00:00,30258.77259,89.88198678,1657.349926,33.64504875,87.63585653,51.82192761,9.021278504,22.35986084,24.35103337,80.97020228,305.7220521,1.032091246,2276.203274,996.5009752,7.975321706,2.880345012,0,8.413385739,17.93548045,33.9233313,33.83912704,57.58830915,12.51582268,-22.9931976,40.48084198,13.99524278,73.56459743,93.33184586,106.5603285,25.11028973,46.21383345,31.58106762,76.85168772,0,0,0,01-01-2050 00:00,No Failure
VEH0037,Ford,2023-01-01 02:50:00,30391.42992,96.0706149,1416.369994,39.29464427,93.53201504,43.71268828,10.53051161,20.69840324,25.94812801,58.2882299,588.6184027,1.776971248,2277.606687,941.5099812,7.927364799,81.88013507,0,49.32111027,43.5226601,111.1209804,85.70469688,-23.09392944,13.12736234,3.499726455,27.14043881,14.12761082,41.07654109,93.31125487,60.50676095,20.95091601,50.62393069,30.97394394,77.24504671,0,0,0,01-01-2050 00:00,No Failure
VEH0037,Ford,2023-01-01 03:09:00,30173.46262,91.5084632,2865.98636,51.91827778,92.87659466,55.25687303,5.366162165,38.80759093,23.68274338,54.76972448,465.2038488,1.936550555,2275.581953,996.8635353,7.982357306,50.28392729,0,84.9308854,35.82226781,90.11713794,63.95149222,100.2539142,12.15497784,27.76277791,18.92099946,14.02020018,81.56095928,93.33941977,80.61197188,25.43676941,72.28476023,32.76768544,77.88251875,0,0,0,01-01-2050 00:00,No Failure
VEH0037,Ford,2023-01-01 03:30:00,30104.96449,96.0679452,2113.592262,35.8209509,94.30098704,42.89613914,1.666035333,39.29964116,24.28425927,66.7142924,570.9327403,1.263728431,2275.222053,994.7158635,7.995501701,81.70146528,1,43.31015721,10.87417333,71.24997184,48.79498998,87.5412332,12.19300096,22.71259653,14.43151533,14.35058538,86.95921864,93.34677799,49.10755369,26.81774147,47.19944477,30.96678771,81.11527172,0,0,0,01-01-2050 00:00,No Failure
VEH0037,Ford,2023-01-01 03:30:00,31108.87477,89.81472057,2521.20162,22.37549841,82.00924415,17.85468248,7.97265898,43.83128354,41.55759009,21.62730793,389.4130672,1.239078163,2283.12623,976.502125,7.812116708,38.28611342,0,45.30859009,21.04653771,55.04434106,81.102377,67.10110625,12.34108887,44.13909478,18.70493228,14.25100113,95.719667,93.24358126,52.35339658,18.39989935,66.27069448,29.94456383,82.37545788,0,0,0,01-01-2050 00:00,No Failure
VEH0037,Ford,2023-01-01 04:03:00,30226.51158,92.01353259,1732.996763,54.24717393,92.02479835,18.74567257,9.097490085,45.64283425,12.99568712,55.59983753,343.611166,0.826356091,2275.90029,901.2405947,7.97696547,68.81881631,0,71.50975821,86.9922122,95.69035153,67.47943915,56.89278447,13.0223965,38.14340167,24.42490747,14.26952518,91.27559031,93.33576885,90.39750231,24.92589618,61.13579281,32.08256551,83.35308125,0,0,0,01-01-2050 00:00,No Failure
VEH0037,Ford,2023-01-01 04:40:00,30210.31839,105.2411132,2452.367181,32.27391689,92.97882838,29.57954303,4.756345785,71.77844376,8.731531304,70.85200034,493.5616756,1.637953503,2275.685408,1011.950695,7.980298054,108.9886358,0,71.481639,-35.55398557,40.78947997,49.015325,0.840941317,12.55461583,-20.86466066,27.08519271,14.44377075,40.62555945,93.3369393,125.0607876,38.13825092,70.82871734,29.06540073,83.23975637,0,0,0,01-01-2050 00:00,No Failure
VEH0037,Ford,2023-01-01 04:40:00,30784.52334,86.67741848,1647.940799,57.53396417,88.06202384,56.98553502,7.20463711,62.85117722,29.17666012,41.6745255,333.2698912,1.957789217,2280.47743,1021.683619,7.871911748,90.24855511,0,24.70879418,96.55886358,93.8838685,52.78018158,54.61286505,12.86528827,31.00570497,23.0156871,14.05277552,77.96090798,93.28356981,5.182199374,25.92376238,80.93750802,34.12313657,77.23476887,0,0,0,01-01-2050 00:00,No Failure
VEH0037,Ford,2023-01-01 05:18:00,30146.97248,108.0706074,1216.163816,54.12399511,87.20307465,12.02760858,2.827081824,47.94091485,2.5005987,63.65595572,403.3804995,1.68307062,2275.555573,911.8867818,7.991654714,9.960219214,0,74.90077949,37.80332469,116.2366277,27.11953363,28.10693757,12.15967708,0.891048767,18.9168935,13.60421202,86.10160096,93.34413558,71.66992116,20.07844957,64.75484476,29.64712514,75.75510178,0,0,0,01-01-2050 00:00,No Failure
VEH0037,Ford,2023-01-01 06:25:00,30261.02755,91.07319857,2306.54756,44.18467138,89.33535024,18.70203376,4.555660294,36.2521942,35.68447034,38.71035051,140.2676268,2.703871284,2276.251495,1070.909062,7.972471434,111.9177186,0,58.02452629,64.21777265,73.221879,70.25464844,99.53746507,11.92572179,6.947806625,22.89304293,13.90227694,91.43570308,93.32919707,135.9778151,19.66681696,80.07937456,29.64984409,76.4631667,0,0,0,01-01-2050 00:00,No Failure
VEH0037,Ford,2023-01-01 07:09:00,30304.10469,98.51370664,1445.804633,52.31425496,89.44295569,2.450237157,5.087722263,57.27369952,55.68634903,67.92269831,343.717691,1.464739246,2276.529245,954.9501885,7.953193636,80.80704783,1,39.95595453,76.26758664,36.94924955,75.76935043,47.19247155,12.32118609,22.82039365,26.48396792,13.67376059,47.84546577,93.32264358,134.0447697,34.41793068,46.95071007,31.60706161,78.17877931,0,0,0,01-01-2050 00:00,No Failure
VEH0037,Ford,2023-01-01 07:22:00,30720.72577,90.57250768,2606.643436,40.69661869,95.55357422,97.35752523,10.09990773,48.86809535,48.50340914,71.89522506,170.7557165,0.818334227,2280.021916,929.8021896,7.881789285,52.68247165,0,98.25317397,-0.669815973,33.0298449,80.10587616,50.96702319,12.81500227,-21.97254354,22.88995622,14.38819379,57.04679397,93.2879443,108.9112493,29.06386157,72.80577294,28.66259437,78.13262893,0,0,0,01-01-2050 00:00,No Failure
VEH0037,Ford,2023-01-01 07:42:00,30864.26067,89.65936069,1301.737214,40.36591281,96.46483508,58.76557127,2.390304965,25.97559914,41.5086788,65.03784655,292.1521189,1.399544565,2281.169439,1044.116602,7.851274606,86.72836047,0,4.704160537,63.82906462,17.1354855,70.47894768,126.4247135,13.13396602,38.42772462,23.00263783,14.54992244,67.25700954,93.26934068,44.11353638,24.73412971,68.84567646,34.76461436,76.59905528,0,0,0,01-01-2050 00:00,No Failure
VEH0037,Ford,2023-01-01 08:10:00,30319.1019,92.59004322,3993.23339,34.84755425,90.70867897,44.50522275,7.628071769,40.68903367,28.47249436,32.4193288,611.2139292,1.841186613,2276.600831,1114.907232,7.945092903,133.9397359,0,96.37009448,110.7136975,126.0945714,1.343710121,107.521784,12.84966441,-16.20796381,26.24000756,14.44080952,57.7317012,93.32047086,74.75806968,37.17975646,82.6208727,29.3596931,84.24543153,0,0,0,01-01-2050 00:00,No Failure
VEH0037,Ford,2023-01-01 09:04:00,30370.57051,89.19783734,1250.951288,61.50515689,89.1011416,0.464591096,4.107874103,36.02801344,62.03845685,69.08926179,227.8849156,1.685285613,2277.23953,982.2900283,7.92905773,74.77398085,0,7.833351389,57.71152864,90.05733503,24.06290897,33.25715832,12.05330075,12.73233756,25.94077384,13.6997113,68.21711956,93.31393765,33.9173438,33.57255517,57.93513235,32.55530812,76.87761818,0,0,0,01-01-2050 00:00,No Failure
VEH0037,Ford,2023-01-01 10:36:00,30301.43698,88.75599654,1286.593904,53.01996144,89.80124716,32.62645959,9.543966809,66.04136571,0.0,65.28353973,291.0888079,0.789514798,2276.359957,999.2989057,7.963104797,69.84600304,0,56.28084927,87.91033644,48.45339714,129.8658822,79.53486952,12.99944047,-7.112595717,32.10238686,14.11555272,61.25353737,93.32720424,92.12860056,46.12266478,57.47819388,34.9866364,76.61829533,0,0,0,01-01-2050 00:00,No Failure
VEH0037,Ford,2023-01-01 10:40:00,30504.37426,89.96081177,1863.67889,47.27693018,84.85310252,7.323388546,4.942057143,36.17081523,43.24456918,46.18958109,371.2652582,1.19895124,2278.404852,904.6564645,7.908834432,60.35735516,0,53.24567501,78.42616647,37.9453292,145.5886816,102.3064004,12.17582689,39.31418441,20.69478164,14.94761888,99.07219713,93.3039758,0.0,39.7381836,30.42484005,33.39132583,81.98308918,0,0,0,01-01-2050 00:00,No Failure
VEH0037,Ford,2023-01-01 12:00:00,31050.92476,93.128886,1000.090848,34.77162843,91.79865121,32.65976568,4.982380733,50.41153162,24.94382195,34.78299961,317.2881894,1.694880553,2282.863439,976.7572755,7.818310583,78.14802179,0,60.36353262,66.78156822,86.07180867,27.77871767,68.80403994,12.47123935,-27.22385992,18.30488372,13.81917752,67.52333436,93.25134505,109.0923862,41.29509434,61.19618615,33.46534202,75.73666219,0,0,0,01-01-2050 00:00,No Failure
VEH0037,Ford,2023-01-01 12:02:00,30471.79851,95.21586455,3103.272387,36.90480289,89.17195905,28.53430433,8.473309211,81.97492699,39.37593081,27.94071264,417.1864295,0.925988067,2277.964053,928.4043961,7.916706139,81.50798698,0,76.59203965,82.79419972,61.5061311,91.10729771,95.97510128,13.10924514,-15.53904774,22.33091887,14.16295581,55.92829834,93.30656005,29.15647502,32.0162674,75.17919159,31.65177501,79.04870085,0,0,0,01-01-2050 00:00,No Failure
VEH0037,Ford,2023-01-01 12:18:00,30423.37004,97.37050574,3219.513196,60.66787895,88.65445258,86.31116406,7.184919182,25.67144394,19.49880554,44.74386702,353.9036368,0.373439342,2277.887138,1079.8337,7.918572119,74.60853063,0,83.36513694,61.04714969,67.95178857,3.996631862,52.65338903,12.469368,-13.6458085,23.20771867,14.71880802,93.44911405,93.30966146,45.46722042,53.37320685,50.40502344,31.93989574,84.53977073,0,0,0,01-01-2050 00:00,No Failure
VEH0037,Ford,2023-01-01 13:30:00,30349.63744,95.48112719,2157.654715,53.71676696,93.95064914,6.443529728,2.549409719,18.68404156,0.0,56.192825,30.21806132,1.825674185,2276.818801,994.122953,7.936195062,17.79885184,0,65.90200875,101.3488533,34.19186731,68.85825853,69.06901296,13.09224203,-36.1990105,26.52900622,14.40012903,60.9448383,93.31584014,83.6842574,17.64308597,82.74704021,31.02813924,84.23072704,0,0,0,01-01-2050 00:00,No Failure
VEH0037,Ford,2023-01-01 15:12:00,30654.37389,105.396258,2350.202646,55.11540633,89.1756321,83.67761916,1.223827902,51.20741383,7.998789596,18.71110537,707.6010318,1.021947988,2279.575271,1071.111193,7.892966004,153.5804646,0,73.72200054,50.10731724,44.53843237,64.65656446,81.03996551,12.19015633,-11.30107626,26.23138939,13.95694867,57.71515737,93.29396492,23.82397284,31.90069056,66.1734921,29.07367515,79.45050336,0,0,0,01-01-2050 00:00,No Failure
VEH0037,Ford,2023-01-01 16:12:00,30769.73425,97.17060964,2375.576929,41.17804565,88.17056438,36.87224594,7.914863944,32.74450385,43.46780714,33.8548544,613.2405521,1.335042025,2280.067142,1015.539174,7.879212109,131.438369,0,88.21686188,122.2502476,57.88447572,49.0096488,31.05306563,12.779723,13.78953429,21.48285177,14.19474825,58.02643241,93.28560509,41.41201471,27.07548166,47.48054698,29.90370654,79.22861885,0,0,0,01-01-2050 00:00,No Failure
VEH0037,Ford,2023-01-01 16:15:00,31022.68525,104.0693845,2548.553606,39.87837577,87.31697674,3.276860355,7.456102965,42.48986995,32.61621358,45.53816401,258.6231886,1.557251872,2282.488595,924.1573486,7.825954776,77.98838794,0,21.19441993,100.0041757,40.45036848,51.08531661,66.29815918,12.5500216,18.51165909,21.18375486,14.23713501,89.68220467,93.25347935,60.85022115,21.01738121,56.03781142,28.781675,75.78491335,0,0,0,01-01-2050 00:00,No Failure
VEH0037,Ford,2023-01-01 18:42:00,30599.89224,90.79070772,700.0,43.95098451,91.11834099,43.18361818,9.869082818,23.70709947,61.36403848,19.98313912,562.2064327,1.76168985,2278.960627,1000.481507,7.902785944,62.71672299,0,28.75525958,57.09264897,67.98248127,47.66063046,3.592242934,12.04396751,6.088432793,21.2209822,14.52289429,96.18690417,93.2990303,58.42604278,33.85276476,65.63129687,31.15686502,79.51432697,0,0,0,01-01-2050 00:00,No Failure
VEH0037,Ford,2023-01-01 20:18:00,30551.19434,90.30279425,3233.637517,40.9682035,94.73023848,63.68352617,4.353425533,0.0,20.66155204,49.59830802,440.1274513,1.110336615,2278.532507,1076.55911,7.90521626,90.12889459,0,35.99121346,19.25739942,36.22349069,54.25100804,27.70626591,12.49015246,15.74020542,17.44056804,14.36753582,68.51299383,93.30214069,34.88448956,7.996376578,39.30233939,31.69307431,77.81840107,0,0,0,01-01-2050 00:00,No Failure
VEH0037,Ford,2023-01-01 21:32:00,30912.34682,98.23159936,1424.889423,45.27449796,84.17548481,22.95435111,6.624888801,28.4378332,46.88812159,59.24281095,452.8451112,0.744873854,2281.271532,945.4270018,7.84765474,89.57426624,0,65.66138343,48.86671151,64.38832333,17.81114546,70.79006531,12.22005054,39.42080577,24.14015961,13.9820707,48.21165578,93.26613739,8.552862518,51.26380826,78.64326599,32.22142397,84.09689875,0,0,0,01-01-2050 00:00,No Failure
VEH0037,Ford,2023-01-01 21:40:00,30704.05978,92.652582,1825.527142,42.55064862,91.25220011,16.23419686,8.94635384,27.12218418,16.95282427,36.75224842,554.7478392,1.822068033,2279.636812,1018.414327,7.890438195,42.60024203,0,27.98028333,22.62624785,56.70886342,104.1250525,43.24475062,12.90108873,4.188436308,28.63090068,13.83196818,80.01988621,93.28938557,91.50279537,45.85849003,58.89059709,31.69289397,84.69707143,0,0,0,01-01-2050 00:00,No Failure
VEH0037,Ford,2023-01-01 22:24:00,30833.78037,97.05278818,2945.441306,34.16585611,87.00799395,27.93612537,7.035356159,0.0,35.51375446,30.30763889,269.3550252,1.149495399,2281.002932,1067.396961,7.853168005,37.81994687,0,76.13201486,84.15516511,18.00688345,76.57952709,1.192196797,12.35239754,6.50011381,26.43728958,14.54700946,78.02959823,93.27297914,73.325795,26.7073355,60.94765424,29.23461617,80.18798904,0,0,0,01-01-2050 00:00,No Failure
VEH0037,Ford,2023-01-01 22:49:00,30982.17418,104.974191,1027.205033,36.26775904,90.62719342,98.92696026,5.255190523,50.09272091,46.04128316,26.31006048,349.5949023,1.420201647,2282.310703,1157.640769,7.83656709,-38.0588048,0,10.22535461,90.5988303,4.432991278,37.09054282,37.31658902,13.76312676,-14.67372763,33.93577421,14.2381528,45.09263225,93.25873859,96.98273934,26.92562193,50.801604,29.00420662,77.32015169,0,0,0,01-01-2050 00:00,No Failure
VEH0037,Ford,2023-01-01 23:12:00,30810.86723,99.01154851,2910.702635,56.14374895,90.20190039,94.09018384,1.676438867,31.98549307,69.35019635,54.16073753,182.4057571,2.037113089,2280.620104,915.265627,7.866875172,152.6429749,1,30.21655473,65.10054735,24.55784814,37.8802693,65.94909046,13.92673822,18.14982225,25.98646378,13.72475904,49.99331346,93.279789,20.37501303,26.91136194,59.04311316,32.03277321,81.16846331,0,0,0,01-01-2050 00:00,No Failure
VEH0037,Ford,2023-01-02 01:58:00,31016.56349,97.46834675,897.5738714,40.27164466,88.15752525,49.91381466,7.885539667,39.94900961,5.416546596,69.5050573,350.7119651,1.597938453,2282.3345,1059.099935,7.834947703,38.20463835,0,13.42553289,11.92807223,38.95307329,83.98242858,30.22601996,11.95685491,44.9343343,31.28489646,14.54615756,60.52773989,93.25691698,180.0,52.42626236,50.36327532,32.10015393,82.19782739,0,0,0,01-01-2050 00:00,No Failure
VEH0037,Ford,2023-01-02 03:54:00,30821.87237,96.35290512,1939.765418,48.79745419,83.60274426,73.4453431,7.428972395,64.55316588,22.99569734,73.42559325,506.7200413,0.988391642,2280.957688,880.616479,7.860233132,78.88611868,0,79.48901791,45.82731557,60.0466679,108.3945193,25.20393154,12.76575104,43.66898171,12.52883971,14.37806413,42.70552808,93.27492122,47.22473873,5.241037006,48.44351177,33.37331767,79.5617111,0,0,0,01-01-2050 00:00,No Failure
VEH0037,Ford,2023-01-02 04:12:00,30968.8885,103.9598569,2241.875227,39.10099993,85.54531013,26.22724229,1.516069562,23.66438463,28.80347337,48.50336361,621.9517217,1.630568526,2281.857244,1010.373389,7.837769774,67.39312636,0,89.35014137,93.03473673,49.50327418,101.8913699,53.77275475,12.65939779,-2.829726631,33.96162069,14.18485941,54.53876477,93.26327571,59.66188216,37.29264483,54.97429876,32.12095868,83.42863405,0,0,0,01-01-2050 00:00,No Failure
VEH0037,Ford,2023-01-02 05:00:00,30818.38851,88.86663866,1985.555221,38.89990026,91.58260593,96.96981247,1.291089468,98.88989516,23.81060561,38.59994257,441.4295426,1.157947309,2280.716342,893.5938941,7.861776306,99.66524945,0,69.19135353,37.71760682,100.8021182,63.31502557,104.6856171,12.89228207,26.77289839,25.51476328,14.10403201,72.74442993,93.27655305,73.60101277,39.82818828,29.8252736,28.1078585,75.26705479,0,0,0,01-01-2050 00:00,No Failure
VEH0037,Ford,2023-01-02 08:40:00,30936.10243,103.6036823,2155.684818,36.27396899,86.16632752,68.85552647,2.963825372,53.45973351,17.14028272,62.76053601,598.8049571,1.514447295,2281.760934,879.6451533,7.843320569,66.86960429,0,78.11344584,11.30178387,83.05931438,9.440318858,49.16834505,12.52707925,3.672353081,22.5931144,14.14333155,78.5294847,93.26500194,29.78385235,28.9807322,68.89546286,30.26012017,82.65928147,0,0,0,01-01-2050 00:00,No Failure
VEH0037,Ford,2023-01-02 15:38:00,31067.30188,96.47751192,1321.1708,52.20837203,87.59375652,64.00708726,7.035074928,67.77318343,5.164044355,35.62309753,309.3418152,0.978778799,2283.015098,1133.207354,7.814253676,162.2420334,0,77.78528997,-7.774265838,62.26863599,52.93549705,71.86658705,12.24063025,26.55970181,36.61969812,14.37869111,68.00225172,93.24856624,109.9486337,35.78286688,76.9723661,29.81405347,78.74321832,0,0,0,01-01-2050 00:00,No Failure
VEH0040,Ford,2023-01-01 00:00:00,14523.7585,97.96221536,2861.070731,42.68232614,85.99926074,43.6874296,12.80569551,51.85733486,0.0,80.43960147,621.5291742,2.152114204,4035.253724,953.777582,9.636325865,112.940712,0,68.18533601,108.9648096,68.30870451,92.20818558,74.98211721,11.54865436,-13.19580032,32.7055364,14.39774768,59.8961907,95.08451464,20.26282278,31.76176472,72.59417324,32.28817847,75.05839114,0,0,0,01-01-2050 00:00,No Failure
VEH0040,Ford,2023-01-01 00:30:00,14539.80031,91.01320499,1319.20366,52.93713574,91.64483981,27.89139087,5.665691977,24.41424237,44.90738004,39.65030211,733.17372,0.553891187,4035.388315,1001.73598,9.635086485,123.7591773,0,86.60857756,23.60773978,39.82080466,66.00203178,63.77109462,12.71835564,-6.860659571,19.81920976,14.04626891,70.95114798,95.08293279,51.1667706,24.48858984,64.01308948,33.79250296,76.95340346,0,0,0,01-01-2050 00:00,No Failure
VEH0040,Ford,2023-01-01 00:36:00,14659.46906,96.97107672,2903.276572,29.43385323,82.89458016,19.19247262,5.678786789,26.533172,0.0,47.60725469,605.5695059,1.398469968,4036.563411,1050.427962,9.610377926,128.9622941,0,20.87436302,74.19087443,62.94856146,106.8352896,29.51604569,13.55738818,11.92598817,22.54083358,13.91165805,86.75262201,95.06655732,104.6555829,54.21064892,77.53348291,30.10250009,76.30443391,0,0,0,01-01-2050 00:00,No Failure
VEH0040,Ford,2023-01-01 01:15:00,14592.73222,98.74720628,1864.602351,39.27512072,88.14865139,68.67729667,4.526936391,44.68321873,16.97675313,38.59850285,333.2422908,1.44077737,4035.962576,857.8738697,9.62948385,140.9483827,1,82.49724817,46.13523739,82.13191003,22.29933495,-2.709595336,12.50982178,16.42098467,23.13196793,13.58344408,63.14054119,95.0751176,116.5557017,37.97575951,47.05912211,28.46333189,81.29578785,0,0,0,01-01-2050 00:00,No Failure
VEH0040,Ford,2023-01-01 01:28:00,14628.86039,93.70352353,1481.340563,40.88298102,88.35175036,36.49894413,5.435847256,43.52992708,39.56889947,75.54701176,431.5282983,1.579221248,4036.063675,964.7541182,9.623420505,82.20080665,0,77.26157561,60.18867625,78.04119344,47.27849205,32.1734225,12.73810618,16.17642251,26.25864422,14.43290152,90.39394566,95.07037957,148.5589608,27.21442307,47.53057374,33.42215434,75.12593283,0,0,0,01-01-2050 00:00,No Failure
VEH0040,Ford,2023-01-01 01:46:00,14544.07116,93.27130577,1857.186602,53.34364,88.8493402,31.35621716,3.583045543,41.97189644,2.630279758,47.84121962,297.6624723,2.482923033,4035.514024,1059.548719,9.633961491,67.50974818,0,77.48990604,69.120769,77.41651834,76.98214464,119.4541992,12.51274168,-28.79364407,30.18482197,14.52510158,50.29631129,95.07971844,74.85017009,33.03064589,58.26517079,34.54254183,82.19267702,0,0,0,01-01-2050 00:00,No Failure
VEH0040,Ford,2023-01-01 02:05:00,15186.16267,89.83477271,3030.014237,31.92869081,91.32497191,45.34939077,2.118912917,50.67472327,66.51941063,34.86726015,356.769513,1.815557454,4041.266844,1239.745311,9.5045419,115.6778808,1,12.83997964,67.69616991,10.73378818,60.63507613,67.94414845,13.32104633,53.96910077,26.83191569,13.9438416,42.27587163,95.01386219,41.72739305,33.98402426,52.31441105,28.1390656,75.73469973,0,0,0,01-01-2050 00:00,No Failure
VEH0040,Ford,2023-01-01 02:24:00,14809.11034,93.47683018,1912.937976,28.71108831,92.95359633,9.565546603,1.039972371,64.28213197,17.83729279,49.964531,430.1025699,2.207733193,4038.065885,927.0697205,9.578933797,119.6658691,0,74.83375782,50.75651021,50.28360479,72.69966209,25.90211528,11.98363204,13.05927105,31.03333609,13.76601524,52.64636067,95.0528948,102.5532481,21.66287361,52.74829323,32.65931047,75.51037485,0,0,0,01-01-2050 00:00,No Failure
VEH0040,Ford,2023-01-01 03:10:00,14644.48376,96.33368345,1733.44404,22.3350831,90.90646726,47.89889779,5.789705329,0.193622234,66.86104042,50.15013838,420.330191,1.075784769,4036.520495,822.3448863,9.618410429,74.18704176,0,9.768683816,61.44910952,78.92080751,72.48650799,33.44110023,12.4161241,-1.987715302,22.21432914,14.24989816,80.30596057,95.06800522,54.50268889,38.48996759,58.74153743,30.74256708,75.47636284,0,0,0,01-01-2050 00:00,No Failure
VEH0040,Ford,2023-01-01 03:24:00,15437.31919,91.70773626,3044.696194,48.27100748,86.67049645,53.74482722,10.24211562,24.77067889,6.349578817,62.96036725,490.309693,1.883097783,4043.911969,835.6171327,9.464555017,-0.130599053,1,15.64234394,115.876832,48.08272761,44.06293021,40.80273732,12.87814352,-3.7136366,25.71672658,14.18923254,69.51114165,94.99177459,8.745102094,18.75257762,50.42710659,28.46621177,81.59221128,0,0,0,01-01-2050 00:00,No Failure
VEH0040,Ford,2023-01-01 03:54:00,15535.87761,90.71756075,2690.358567,46.84320036,86.29464421,98.78555881,5.275965442,1.647212414,43.39356999,37.59364223,457.1914919,1.787900989,4044.750288,862.8583304,9.434257051,-41.38447326,0,12.11934015,-23.70489867,87.96528597,94.20701267,52.33486809,12.38031712,-2.316974537,25.7573217,14.76936317,43.83643756,94.97338233,100.2663188,34.10255104,63.66882211,29.06990093,76.95957348,0,0,0,01-01-2050 00:00,No Failure
VEH0040,Ford,2023-01-01 04:15:00,14877.48406,85.40958121,2470.996242,34.00088944,91.39404151,85.19151955,4.809137131,0.0,33.02403915,58.40543866,429.3991147,0.615496507,4038.802777,1062.637993,9.564553916,77.14835384,0,20.55962455,57.51143462,57.24524753,48.39372747,87.20762779,12.02751859,1.99101388,20.41932905,15.0677035,54.19582111,95.04420786,99.87738569,15.68001224,39.86217633,33.20547353,75.5897926,0,0,0,01-01-2050 00:00,No Failure
VEH0040,Ford,2023-01-01 04:16:00,14923.01907,100.2759005,1468.363364,49.074601,92.40228566,11.27100383,6.927687607,59.38983308,27.47507416,54.13338963,354.4386141,1.261662069,4039.01245,1136.267537,9.55901444,165.2289802,0,80.15364719,68.07676112,60.27113389,35.72252734,86.07792842,11.59952612,4.19076773,30.72360738,14.89232252,48.68791838,95.04103489,90.5420136,28.00938685,72.90354598,29.86351164,79.13306579,0,0,0,01-01-2050 00:00,No Failure
VEH0040,Ford,2023-01-01 04:26:00,15523.01404,97.38357355,1741.254454,40.91808998,90.41439521,76.81068195,8.47446068,30.04391815,0.0,39.69956651,290.5893434,1.666625275,4044.657096,993.3138168,9.439448934,43.2873154,0,12.98332804,72.42551823,80.44795443,27.89308658,-16.69363722,12.41565834,6.768706627,31.84160673,14.45569924,79.0292393,94.97684625,76.67541521,-0.718614476,43.60688441,33.04845515,83.71181486,0,0,0,01-01-2050 00:00,No Failure
VEH0040,Ford,2023-01-01 04:56:00,14717.44032,91.83443033,1852.372473,55.87149724,89.98567188,77.66656898,0.0,94.26091486,35.91048622,33.99688439,440.1808064,1.301551161,4037.193447,863.1259383,9.602278757,82.2342783,0,22.69735901,85.59221171,74.89433243,18.71486046,63.89656245,13.20914609,-7.534899549,25.54648902,14.3048994,78.01489783,95.06178051,110.4550352,25.97224588,36.71991153,32.27300113,75.87380707,0,0,0,01-01-2050 00:00,No Failure
VEH0040,Ford,2023-01-01 05:48:00,15290.5919,89.12853175,700.0,38.78491471,88.57021155,10.15515288,6.403265869,36.07595378,34.27039887,59.11680251,415.3813222,1.234488154,4042.398272,856.0242136,9.488126176,100.1731494,1,66.38634636,92.2703358,44.46381726,24.62252737,19.24701923,12.73302497,5.916602047,23.55165509,14.09218534,68.8667745,95.00282092,94.56241169,28.56991566,60.04196811,32.11810689,77.38184601,0,0,0,01-01-2050 00:00,No Failure
VEH0040,Ford,2023-01-01 06:46:00,14693.92363,100.5133372,2759.796221,50.67161386,92.97372941,44.09587095,1.127866912,7.782051325,28.71165378,17.79297847,383.0381741,1.83179836,4036.963819,841.980965,9.605563853,62.83394047,0,79.13892273,64.63894701,77.91202184,87.70584565,49.02861691,12.33778075,-8.764337687,24.13024781,14.30603829,42.15919965,95.06322868,81.3373574,41.84580511,50.71949034,34.06348213,79.9312877,0,0,0,01-01-2050 00:00,No Failure
VEH0040,Ford,2023-01-01 06:46:00,14868.71741,100.1318582,1191.326277,44.52883622,88.813665,14.02008463,4.714751505,33.45048813,26.34537621,64.80072564,206.6685957,1.381740142,4038.649286,977.4848992,9.568073168,33.25539249,0,41.43220015,94.68655291,10.3358436,49.486993,12.81184872,12.31413389,34.25971556,24.45986294,14.57930089,53.32265073,95.04766706,99.43295767,43.08449142,76.92201552,29.50745351,76.7266647,0,0,0,01-01-2050 00:00,No Failure
VEH0040,Ford,2023-01-01 07:12:00,15012.69935,98.46834182,1177.628932,46.24299476,92.04408206,78.0497409,0.0,50.22315525,47.79804934,35.3372149,399.973679,1.022640105,4039.340861,986.039543,9.542287976,105.9523553,0,8.966363054,82.15227452,-6.640809674,54.65277556,86.55915516,12.56739406,13.44084944,28.10147335,14.44972189,45.70096077,95.03675088,81.12622576,21.63443761,56.02713283,29.32177147,80.37239517,0,0,0,01-01-2050 00:00,No Failure
VEH0040,Ford,2023-01-01 07:31:00,14794.62134,93.27527455,954.0180082,44.99955126,87.55560994,57.16805417,9.192288777,19.19359832,37.04556129,33.51135038,317.3065734,2.223748707,4038.048826,896.0034873,9.587000958,69.04743756,0,45.7973442,29.41978379,-20.06897078,96.01297109,106.8363049,13.20158577,-11.6975348,25.89252403,14.49209433,42.76426467,95.05671965,66.8919024,24.76106559,64.19399137,33.23880251,82.8065673,0,0,0,01-01-2050 00:00,No Failure
VEH0040,Ford,2023-01-01 08:00:00,14749.11444,99.2774939,1083.569535,40.72969288,90.00627506,36.97875455,6.460621644,67.77132719,38.6438657,20.66109592,528.3414423,0.442322467,4037.629176,926.5804066,9.590342993,83.69758535,1,24.50209194,83.33326567,60.32369235,38.87777936,52.04039525,12.40076234,38.26867058,31.16293048,14.53277485,46.02039961,95.05803166,0.0,37.17704454,50.86750631,32.94769083,75.83482563,0,0,0,01-01-2050 00:00,No Failure
VEH0040,Ford,2023-01-01 08:51:00,14732.59929,102.559857,2596.782078,46.0552347,95.79585167,51.93450041,6.287560482,39.89355517,89.76799429,64.41000964,462.1933267,2.308517923,4037.264165,895.8557935,9.599933815,11.21488525,0,3.894678039,16.66970178,47.14765506,92.93973747,82.27558605,12.6255908,-18.92055503,27.47951545,14.45890492,55.42546959,95.0598733,28.65383319,15.93299995,90.0093779,30.62926763,75.86199744,0,0,0,01-01-2050 00:00,No Failure
VEH0040,Ford,2023-01-01 11:20:00,14969.69359,84.91768046,1641.766153,42.08995876,89.19534777,88.66908486,3.923851204,58.06243562,37.54086157,85.74831554,434.329217,2.432666764,4039.32845,1117.413926,9.552058305,98.12288694,0,89.38200081,82.03294613,49.12121179,55.39559802,17.61806253,12.74091342,21.17617503,26.02349597,14.60396981,95.39727421,95.03996257,60.29141156,42.14222222,77.40669467,31.34456291,84.09302135,0,0,0,01-01-2050 00:00,No Failure
VEH0040,Ford,2023-01-01 12:47:00,14845.00837,92.58255652,2428.559142,23.34648649,89.65993592,64.8994098,4.004727915,0.0,29.76483433,15.45177152,300.7539213,1.826005377,4038.458601,836.5392737,9.574984307,146.9259809,0,89.37486065,97.27447225,31.18375661,45.89432442,22.90492535,11.90344451,7.855734051,26.87514832,14.04924303,81.3402456,95.05093175,9.89291541,38.97504338,76.61275474,28.0680978,80.86704508,0,0,0,01-01-2050 00:00,No Failure
VEH0040,Ford,2023-01-01 12:48:00,15147.31355,102.025129,2951.609579,46.07761733,94.87522665,42.65088731,7.00304388,35.24657068,0.0,38.87228843,494.2224474,0.937037428,4041.213174,1129.294781,9.506673798,33.49481199,0,50.78740736,61.2047673,148.0627715,73.07130117,94.87650861,12.84698745,36.9758389,20.41946712,14.33776813,52.53177508,95.01607361,89.35773585,33.18885002,86.96370813,29.87788306,84.15012268,0,0,0,01-01-2050 00:00,No Failure
VEH0040,Ford,2023-01-01 13:39:00,15079.99774,102.0176776,1529.874976,38.98664004,82.80070531,44.09815591,4.312750655,56.17370079,40.18747937,34.74473429,99.96969461,1.361415824,4040.158546,921.7097109,9.52987008,113.3284285,0,35.38023566,62.91141055,33.6310285,61.76470935,130.8612922,12.30720211,41.65375687,29.50220415,13.75367276,79.33049401,95.02731693,58.80814778,13.39334589,56.26137198,31.10140991,75.55967601,0,0,0,01-01-2050 00:00,No Failure
VEH0040,Ford,2023-01-01 13:48:00,15116.79767,86.72154106,2482.951599,29.46514901,90.79111384,20.67400744,7.887866652,49.56814865,0.0,55.51597585,521.9477406,1.070424362,4040.914328,972.4633414,9.513201516,82.07382415,0,96.04379566,86.41524452,36.62034266,52.46405528,52.80590635,13.03464091,-10.14172099,31.83016639,14.31183713,62.59271906,95.02040512,62.86978913,22.48969286,54.31610503,28.37992641,81.47495959,0,0,0,01-01-2050 00:00,No Failure
VEH0040,Ford,2023-01-01 14:40:00,15043.37743,103.4367841,700.0,32.1320458,88.55063199,68.01996783,5.05300215,41.59244568,25.71430694,16.975505,323.0010131,1.918230649,4039.955081,877.6377525,9.537573631,101.8852422,0,83.41346161,26.61196009,27.60476255,111.0366776,51.9921615,12.71151485,0.517198513,21.86342413,13.99089902,88.51369301,95.03202823,78.53932852,40.68754541,43.88074327,29.86109381,83.65624074,0,0,0,01-01-2050 00:00,No Failure
VEH0040,Ford,2023-01-01 17:06:00,15028.15295,95.48948816,2267.849139,40.66518555,88.28154041,37.46516799,4.128438237,23.09173557,29.78263555,9.049749359,300.7387091,1.831356281,4039.713478,950.4792642,9.539740319,91.93077584,0,37.89995924,33.44885587,35.92299208,59.17550545,26.33783561,12.97648343,-5.674193996,24.76262096,13.98538656,51.57228428,95.03572802,93.77349646,19.90259229,76.67993862,32.54885534,79.08328312,0,0,0,01-01-2050 00:00,No Failure
VEH0040,Ford,2023-01-01 17:58:00,15111.68583,95.42844102,964.7729493,41.68058962,89.60199553,82.7422831,6.474399121,51.01400912,16.14376133,42.62020506,374.527362,1.788902844,4040.502369,1009.275553,9.521863911,75.96617758,0,87.25703542,88.75419748,29.97272507,14.27105014,40.69914448,12.97318426,11.44515472,22.22923744,14.28305887,92.15444032,95.02279134,60.79047356,28.05876049,38.73757474,29.38481139,83.70658032,0,0,0,01-01-2050 00:00,No Failure
VEH0040,Ford,2023-01-01 18:40:00,15451.32422,89.49122135,2912.707119,55.86701403,87.84787378,76.99155389,6.032011937,39.10930777,44.31134935,44.60105353,437.0434419,0.580872335,4044.092098,983.274422,9.45724969,98.9925239,0,12.67911161,79.18627745,61.77829049,48.10369379,71.23742051,13.96445356,-5.025406234,20.56515308,14.2193514,42.34218563,94.98691509,138.2647115,22.06347631,62.76251653,34.12316834,83.32660858,0,0,0,01-01-2050 00:00,No Failure
VEH0040,Ford,2023-01-01 20:15:00,15260.67162,93.95571672,700.0,30.131617,88.81018821,73.04546425,7.959189702,46.84455009,0.0,62.32314938,384.3102104,1.810617812,4041.705519,923.0991697,9.496683903,4.937409188,0,59.71226347,36.28604162,56.60463049,100.0121313,80.47712147,12.6734791,11.85807397,24.46382942,15.2414473,73.46806686,95.00701115,105.5642037,16.42341139,86.1558796,30.08038516,84.07398847,0,0,0,01-01-2050 00:00,No Failure
VEH0040,Ford,2023-01-01 21:20:00,15373.30327,94.61882131,3291.596331,41.37225441,89.09597703,32.89809239,0.778706277,39.22776694,20.92316612,66.63388958,622.6105613,1.793379636,4043.431928,953.5438011,9.480730124,95.66186712,0,98.13171451,110.8621223,62.13111019,77.86950142,11.99010836,12.84541903,20.26967198,30.31449798,14.4713057,67.26240053,94.99552206,66.80408062,7.660483091,70.59405934,31.18484528,80.19196482,0,0,0,01-01-2050 00:00,No Failure
VEH0040,Ford,2023-01-01 22:48:00,15467.07394,98.10169686,2257.79955,39.36134645,93.69285154,47.78247895,8.204922495,43.97345841,53.75463996,72.31065347,388.9272068,1.726219585,4044.371209,951.2723413,9.4536179,37.57050693,0,72.6875865,24.26059583,60.03298056,65.8292256,84.47653992,12.50832236,-0.93456981,22.30645911,14.66319991,68.96611622,94.98428833,97.33178242,38.44114255,57.1732504,29.36938609,80.35727422,0,0,0,01-01-2050 00:00,No Failure
VEH0040,Ford,2023-01-01 23:06:00,15399.30263,94.26304256,1501.846354,41.49911268,89.95807166,74.91761309,4.045267767,31.22940466,43.98085511,70.1215074,416.2020688,1.661935362,4043.867624,1034.171671,9.473655926,129.4222065,0,27.17032239,48.58277419,94.07687216,52.81034286,54.36505679,12.81905467,-14.43730926,25.94459731,13.99883178,74.33882064,94.99384892,13.57044186,27.24550183,64.82771538,33.89897532,75.43694717,0,0,0,01-01-2050 00:00,No Failure
VEH0040,Ford,2023-01-02 01:08:00,15222.11595,97.19821498,1982.602979,44.77528279,89.25993779,80.27574157,6.639300676,19.23344919,43.45665965,72.91491455,556.6737884,1.152238499,4041.592957,922.888481,9.502213647,83.34516177,0,89.51803793,77.93638683,94.45746055,27.55766165,86.68892295,13.66519299,-37.5467009,19.97165669,14.25882518,72.68404698,95.00951769,72.97354191,44.97335231,63.811383,29.52123386,77.0778041,0,0,0,01-01-2050 00:00,No Failure
VEH0040,Ford,2023-01-02 01:40:00,15269.91693,95.65885562,1307.92896,43.46060675,89.48667703,2.018365212,6.186562082,31.95231509,12.43035727,48.6675608,342.1504608,1.09529343,4042.069678,1019.926212,9.495217579,120.1376188,0,76.5361131,-5.888285207,98.82897203,95.79541338,78.94893528,12.9012361,43.22857092,24.82397532,13.96052626,75.81004244,95.00511477,103.482626,40.40455313,74.08050435,32.09580999,82.97953134,0,0,0,01-01-2050 00:00,No Failure
VEH0040,Ford,2023-01-02 03:00:00,15333.7502,100.3721053,2224.8476,50.27465134,88.88889972,10.73388912,8.338380279,19.28439411,9.798160903,44.73931238,316.2757336,1.679090638,4042.731482,963.1456087,9.48565968,154.3954962,0,96.18729341,50.55472804,65.07145118,25.51772734,87.36263963,12.28033997,22.47826944,22.34710648,14.76829053,95.73483773,95.00085757,89.87679191,18.9950314,55.50982114,34.05053701,77.52672807,0,0,0,01-01-2050 00:00,No Failure
VEH0040,Ford,2023-01-02 05:27:00,15336.42326,89.11533888,1622.042514,49.47168646,88.79461283,15.24344068,4.965342605,42.09734685,49.50774384,45.5863441,466.4152085,1.742737571,4042.95923,925.3078763,9.482614202,114.1580976,0,57.23803645,89.63598271,62.1448189,69.49895919,76.09744295,13.25853604,6.280041675,27.99945648,14.44662117,40.67757296,94.99679472,15.30865891,48.76716297,71.78006508,30.38144845,77.46614593,0,0,0,01-01-2050 00:00,No Failure
VEH0040,Ford,2023-01-02 06:13:00,15476.50157,95.67376774,923.7492229,39.62524852,87.06666552,36.49794195,3.034282715,76.16207965,51.81548996,69.59053619,228.1417959,0.250277749,4044.439662,927.9954806,9.448753355,-6.812783011,0,76.41732836,65.47436807,74.93681863,93.43536618,86.63900216,12.64415425,-15.99733754,20.11700768,14.12237013,65.02791087,94.9796636,4.428166381,39.18193356,47.47293976,30.10574234,78.15280329,0,0,0,01-01-2050 00:00,No Failure
VEH0046,Ford,2023-01-01 00:00:00,76280.24449,82.32866672,2181.505728,71.39336794,84.83049043,26.03371122,3.841414774,48.03208823,13.92248762,61.43149602,312.3325572,1.441135047,3086.402688,957.3466991,7.457076073,67.16162069,0,74.71107755,93.22078674,69.67885115,85.28218966,57.75143709,11.75092513,9.326468868,37.05012434,14.70021756,76.29647705,95.0236522,80.23835656,45.44961978,62.46461709,30.82565935,79.52225266,0,0,0,01-01-2050 00:00,No Failure
VEH0046,Ford,2023-01-01 00:27:00,76322.46059,98.12417241,1610.311616,42.97199866,91.42424365,70.30195524,0.308389462,35.3633433,35.71464781,47.83456985,317.7199619,1.491613861,3086.664727,1064.869175,7.455237846,81.9998096,1,47.62783063,117.0860426,60.45989477,101.3789973,43.97492048,12.63092947,-10.27120405,26.82894656,14.41577843,43.93209952,95.01972175,83.66678242,24.62544328,54.61517335,33.60991423,75.57991483,0,0,0,01-01-2050 00:00,No Failure
VEH0046,Ford,2023-01-01 00:28:00,76352.555,97.43541813,2615.816173,54.88727479,85.87272334,93.85658768,5.518818251,21.41411317,33.0173566,103.2752665,379.9477495,1.322401826,3087.113438,960.6205273,7.450159469,34.96788137,0,40.91010119,88.34534733,98.69827094,68.86689068,67.19053459,12.52347173,-0.704976,12.61388652,13.82502988,42.7529687,95.01650808,62.8272451,11.73670227,63.6272833,28.78617978,84.17518034,0,0,0,01-01-2050 00:00,No Failure
VEH0046,Ford,2023-01-01 00:55:00,76396.032,96.58181668,1535.639743,31.77241647,91.08663849,18.03322403,0.439396447,32.59233997,23.58372989,70.58198606,760.189322,0.53281534,3088.094115,974.7756206,7.435407013,122.2100843,0,79.6542316,87.55410999,79.39882456,25.86140274,67.21496522,11.50559901,12.05959846,32.56019796,14.47266887,58.30020694,95.00787364,90.46576058,31.09359747,81.61032643,34.6497595,80.53372464,0,0,0,01-01-2050 00:00,No Failure
VEH0046,Ford,2023-01-01 01:33:00,76374.12422,83.36750626,1438.139979,63.31251095,91.80817475,24.31365797,1.314408604,26.71350018,36.4434063,39.59290465,259.0722327,1.136248966,3087.572553,976.817635,7.443185244,99.49167022,0,88.35153225,95.42994203,54.2535784,78.72631776,47.75366418,12.99321833,0.412933753,22.63331778,13.90609481,58.53607552,95.01184977,91.69301701,18.96694673,57.40376505,33.4271207,84.41452713,0,0,0,01-01-2050 00:00,No Failure
VEH0046,Ford,2023-01-01 01:52:00,76619.7594,104.7171958,1255.089575,45.03674142,91.2229571,70.79645441,3.825596338,42.61498513,26.1486756,39.2562235,67.48849472,1.244592874,3090.568255,912.224575,7.384086753,47.3249984,0,56.43437312,63.71369543,59.62768654,71.49020837,79.39962055,12.59923804,7.039262913,14.48835477,14.0904554,90.9210728,94.97916501,83.88173941,30.2530239,70.58139414,34.22694401,84.43242431,0,0,0,01-01-2050 00:00,No Failure
VEH0046,Ford,2023-01-01 01:54:00,76746.97812,93.15272567,1612.72377,37.42897811,85.81798713,96.81903704,8.521300812,44.5612245,48.51683749,48.16184522,502.9330971,1.274670035,3091.610725,1045.475973,7.35665833,62.12095579,0,20.72187331,55.39164952,97.17231203,52.10271022,10.60491803,12.54640289,25.05844372,32.00688371,14.18364249,71.54301585,94.96439123,107.9902493,39.0085154,45.02723214,30.80315113,78.32073038,0,0,0,01-01-2050 00:00,No Failure
VEH0046,Ford,2023-01-01 02:06:00,76724.35229,83.43931759,1880.693578,54.85571409,89.20450805,66.97504507,3.139556236,47.62535203,0.0,50.41925936,640.9521069,1.092363398,3091.259671,933.9255611,7.35769275,60.45377291,0,52.14364018,46.2316017,31.79783142,19.76181219,45.97740173,12.80726291,-43.62766482,14.1846099,13.44988996,93.37626989,94.96852436,142.1646538,29.62829882,54.91272959,31.54872289,78.01001365,0,0,0,01-01-2050 00:00,No Failure
VEH0046,Ford,2023-01-01 03:30:00,77048.21066,91.22016031,1751.737524,53.76902355,95.49479213,71.67142577,3.029639376,38.68904371,23.78893821,57.39496035,479.9939147,1.593501849,3094.301311,942.551252,7.294513349,113.9582178,1,59.90704281,69.25367172,65.27184472,61.78496104,77.48525477,12.3128563,-18.30678771,29.29670163,14.28234473,76.85709055,94.92385361,1.607759854,32.08857026,74.00458412,31.39387761,75.05585892,0,0,0,01-01-2050 00:00,No Failure
VEH0046,Ford,2023-01-01 03:40:00,76382.5824,90.36361497,1662.36327,49.96832872,87.73911977,94.76695001,7.311218622,82.54885414,39.98806977,43.74985393,721.1087003,1.499744761,3087.663568,1122.835608,7.436558998,71.31405887,1,15.3429168,56.09855391,90.8493311,91.14009898,65.22963983,12.97147849,-8.88035378,30.66625782,14.03077304,95.31675132,95.01060556,69.3040481,49.15409326,69.99450777,30.75420218,78.96734257,0,0,0,01-01-2050 00:00,No Failure
VEH0046,Ford,2023-01-01 04:46:00,76546.91694,90.30838794,1149.770799,41.95606483,90.94471986,50.69048214,4.155448795,72.28601305,73.64734724,75.7112672,398.7436073,1.314392677,3089.433743,923.6812581,7.401536302,62.61018544,0,56.67346195,56.36495457,46.72613168,83.4282586,103.6259574,12.99711653,18.09164808,21.19795134,14.81755808,77.82022013,94.99042203,71.5509617,24.46805759,73.85043474,33.28280845,76.66860907,0,0,0,01-01-2050 00:00,No Failure
VEH0046,Ford,2023-01-01 04:57:00,76513.32886,94.59456295,1982.922613,41.15944426,85.73582739,54.21910117,7.868563939,45.39094442,23.23552065,44.08979608,596.8764636,1.896708875,3088.773794,1101.777393,7.411580412,33.4382263,1,14.67811609,46.44860807,14.10765524,63.7403435,58.78533747,12.0579473,8.239095394,28.52405009,14.19135683,66.22251842,94.99527585,52.4198201,11.17428266,51.90382882,32.2912494,82.58763908,0,0,0,01-01-2050 00:00,No Failure
VEH0046,Ford,2023-01-01 05:36:00,76434.66007,99.8709447,1421.687859,43.02570874,90.33914743,27.30153936,9.950078338,54.87832457,53.67578163,76.40428012,229.8709589,1.147645945,3088.162107,1117.800876,7.430571723,78.98111484,0,66.78047257,63.74111469,106.0120329,95.97663822,20.17000649,12.0961632,-5.37164607,21.62554389,14.23653764,57.80441328,95.00521069,59.61478352,31.37755594,58.41716525,29.28723392,80.73694274,0,0,0,01-01-2050 00:00,No Failure
VEH0046,Ford,2023-01-01 06:40:00,76489.07237,104.005623,1385.357707,47.96631486,87.27857325,91.78398309,10.02340101,28.61542661,44.74190487,44.55414097,454.8290401,0.89524655,3088.370873,976.5085056,7.421410613,-8.207211987,0,70.60443003,69.96626719,56.30676995,63.7594168,42.72609166,13.03703449,3.373263878,26.85247897,14.2066224,94.33177394,94.99885035,56.982495,18.83684615,79.5550204,30.30181257,77.14865333,0,0,0,01-01-2050 00:00,No Failure
VEH0046,Ford,2023-01-01 06:53:00,76465.46761,91.01130228,1953.47179,38.23794874,87.69543588,14.66688658,4.468863025,31.26125014,53.07463852,16.14713189,487.4412021,1.46805976,3088.2853,1121.023256,7.425727199,94.20511449,0,44.82780163,42.796792,82.86175032,95.48840903,138.8348741,11.97163178,4.94157585,24.07829264,13.99639148,85.80265415,95.0036576,41.78489159,22.3999207,104.7857924,31.64532781,84.15954548,0,0,0,01-01-2050 00:00,No Failure
VEH0046,Ford,2023-01-01 07:09:00,77160.87141,97.35145486,1203.615764,46.04267506,92.21562894,99.87720733,9.454225191,50.36004131,37.02360131,77.92866556,536.2025625,2.54616515,3095.074247,1209.782275,7.270978494,94.54564666,0,55.79750921,55.5817338,60.03079664,55.09059775,72.52871152,12.52878525,37.46776251,30.52146439,13.82341307,78.94091469,94.91357493,91.04596978,38.00877044,59.02665015,28.15711709,76.00165749,0,0,0,01-01-2050 00:00,No Failure
VEH0046,Ford,2023-01-01 07:12:00,76585.8816,100.9423721,2425.977576,63.02632871,89.72435584,23.32444953,3.247237632,44.16456697,0.0,50.86910189,509.4345459,1.59870708,3089.926806,1010.586705,7.395755915,10.65592945,1,35.27868334,72.21802602,-0.226710796,101.1165027,47.9674507,13.41196866,-44.42117869,20.48344806,14.24766218,90.99154934,94.98599525,0.0,22.27247016,26.06204253,31.59940295,81.149372,0,0,0,01-01-2050 00:00,No Failure
VEH0046,Ford,2023-01-01 07:42:00,76812.08635,89.24967456,700.0,52.41025147,90.42739226,13.6481209,3.502069564,69.34090616,31.43636101,52.19083572,532.2314369,1.85221471,3092.413569,1108.042568,7.33600076,169.3017467,0,45.65325969,59.892887,119.2240824,96.68711692,123.7554071,12.59948326,36.19020821,26.09407405,13.82085883,59.70312412,94.95146967,82.75251569,26.93145196,82.66737472,28.67996977,77.82456855,0,0,0,01-01-2050 00:00,No Failure
VEH0046,Ford,2023-01-01 08:20:00,76748.61432,87.03727482,3023.129261,41.14671909,87.17850859,13.27247483,6.235486115,30.64517303,13.05526961,60.25963591,657.4118617,1.73414619,3092.09883,961.3528183,7.351455811,-80.33597727,1,40.9728488,23.09154704,105.5986572,67.61410296,42.26549963,12.23605833,44.17879087,28.9505963,14.20345646,86.38158201,94.96090573,102.5956068,26.3644387,62.82230923,28.74200954,83.07690241,0,0,0,01-01-2050 00:00,No Failure
VEH0046,Ford,2023-01-01 08:27:00,77397.07837,91.145359,1985.034578,35.6132298,87.14701478,42.83250482,0.0,9.308132905,32.07108957,34.44299297,412.8316842,0.854609307,3096.610338,1068.902456,7.236296564,115.0038594,1,57.29049628,75.07703737,87.13652577,54.34418385,47.40731138,12.72436476,6.122353347,23.34437914,14.5936845,81.88913727,94.89482495,84.58164346,34.69385107,34.92003446,33.03836295,75.13679073,0,0,0,01-01-2050 00:00,No Failure
VEH0046,Ford,2023-01-01 08:30:00,76531.22336,86.55039136,700.0,49.30482652,92.77239231,46.33485537,5.699747449,56.86613063,0.0,42.4227937,428.967721,1.241689129,3089.033726,1068.426977,7.405578192,56.97726335,0,55.24551064,45.99145707,-4.051141509,54.67439672,61.10614233,12.51183345,-5.78783293,17.23652691,14.50320629,41.90551867,94.99379832,56.25928376,21.67385494,62.50220336,34.52132364,83.16214275,0,0,0,01-01-2050 00:00,No Failure
VEH0046,Ford,2023-01-01 08:52:00,77001.61905,84.29041421,1463.935367,38.23816603,88.33805062,33.06766465,6.124538493,11.3671335,0.0,48.10402304,527.1545491,1.843428803,3093.700122,1067.217805,7.312253108,38.37023482,0,88.64217792,47.05797783,83.37466688,54.96316879,138.2520113,12.52090509,29.64566938,27.81640549,13.74435765,81.02727179,94.93121158,123.9961811,20.70633345,56.90990675,34.19741854,82.11178757,0,0,0,01-01-2050 00:00,No Failure
VEH0046,Ford,2023-01-01 09:48:00,76794.51288,98.08805399,1266.202259,40.83460707,91.63020679,84.00917788,2.613456811,45.09816623,48.43076741,68.72328114,103.2923588,2.023554779,3092.1164,846.6140597,7.342564049,47.14360457,0,6.994917366,57.46543843,43.14375818,60.68386671,107.9028306,12.14813554,24.76425313,32.2124463,14.34603597,77.71646976,94.95607611,118.8733912,24.66120653,53.05334916,32.42516021,76.51339767,0,0,0,01-01-2050 00:00,No Failure
VEH0046,Ford,2023-01-01 10:00:00,76629.68507,102.2963489,1700.517015,42.15937135,89.05770685,38.56609403,6.731050927,38.83837123,59.23552565,23.24292563,434.1926322,1.805415725,3090.731975,975.1506899,7.375455594,108.2107925,0,78.40297598,81.98439801,60.00702023,83.71026248,50.12923901,12.52783714,10.39168111,38.17095813,14.45521372,90.55145754,94.97804509,101.9037025,21.14443446,68.46087582,29.70605439,83.98442512,0,0,0,01-01-2050 00:00,No Failure
VEH0046,Ford,2023-01-01 10:12:00,76701.25922,100.8856865,2540.054931,32.21500279,85.31569832,3.216597663,6.593153509,54.46237357,21.7474813,55.7034351,378.1828153,1.574921623,3091.078482,905.0147672,7.367080083,-60.52366007,1,36.05239746,52.67148477,69.31336104,82.41938725,36.3858099,13.06528115,-1.807130436,25.11890073,14.39881742,68.90892874,94.97164703,1.368249192,29.77012485,38.55546052,28.4010636,75.17885912,0,0,0,01-01-2050 00:00,No Failure
VEH0046,Ford,2023-01-01 10:56:00,76671.1572,90.5084402,2036.798144,41.33003315,89.63554632,47.91841472,3.09924172,69.50200402,20.22166082,77.8867968,341.0051586,2.151211387,3091.043507,1096.780147,7.372919017,50.63170132,0,71.83254644,60.00710782,66.55347214,52.06700738,32.49469946,11.98356976,13.26279714,31.31546076,14.04949948,56.27926442,94.97508754,62.66556658,33.15380933,67.19964262,33.42852162,79.43803541,0,0,0,01-01-2050 00:00,No Failure
VEH0046,Ford,2023-01-01 11:30:00,76842.85724,96.27161126,3040.756518,34.92898887,93.90100597,30.87712961,5.306176683,41.925987,53.72065132,68.30941808,207.6393142,1.483505721,3092.708656,1037.466145,7.333707186,96.87070974,0,75.19582046,122.7528591,54.24731521,54.59962034,45.56351887,12.41390411,4.876697273,26.98408166,14.13427217,75.77701445,94.94898595,31.18086604,28.83709852,64.53315203,28.24530706,78.88261829,0,0,0,01-01-2050 00:00,No Failure
VEH0046,Ford,2023-01-01 12:34:00,76614.59539,94.06582262,1986.578129,56.96628939,93.26998825,2.346480281,8.08760648,56.23470441,31.44039732,17.53660006,367.6029553,1.838642729,3090.214376,935.7697094,7.387652038,105.0101173,0,30.61721462,8.083845859,30.38954047,6.095801647,79.42875048,12.72092962,54.27900032,23.91042878,14.1015744,99.35514399,94.98377035,105.9313271,24.70982651,56.14218196,30.59587544,76.02722903,0,0,0,01-01-2050 00:00,No Failure
VEH0046,Ford,2023-01-01 13:20:00,77406.66149,89.47136307,2544.514926,59.95608278,93.95011345,11.13544402,7.296879998,34.61500091,70.22037795,62.01695085,343.2987237,1.258863681,3097.032353,904.1908486,7.234555562,89.44597094,0,58.55367287,20.06589597,110.0560131,100.9207383,48.5086863,13.34026075,-1.847806652,23.15585285,14.60267584,57.6822648,94.89142628,16.39982599,25.4370398,59.40706635,33.0034692,78.5829907,0,0,0,01-01-2050 00:00,No Failure
VEH0046,Ford,2023-01-01 15:00:00,76927.40926,94.39237611,1974.995373,37.07646888,84.96717137,33.0143075,4.050284866,34.05922393,2.336307434,44.99826322,332.3406717,1.894807951,3093.329647,1058.196858,7.328278244,60.85418307,0,94.36892611,61.83849851,104.3290532,103.5121804,33.40741416,12.72670816,12.96763029,26.13013679,14.27501928,41.46457718,94.93976073,82.54631426,49.25878373,46.09442261,33.39865347,84.2875671,0,0,0,01-01-2050 00:00,No Failure
VEH0046,Ford,2023-01-01 18:27:00,77416.83104,86.57985253,1370.461534,58.44246679,87.80695793,91.28356929,9.82730716,36.76114218,26.53899556,39.12686962,378.4451862,2.233536696,3097.1325,552.4361732,7.228121042,337.7981387,0,11.82208465,22.75693097,103.7520164,37.304628,38.28179419,12.61165994,31.9483682,22.43578478,14.16378219,78.95469504,94.8869774,114.6798543,28.21827095,75.08377329,30.77616625,80.52663878,0,1,0,05-01-2023 18:27,Brake Overheat
VEH0046,Ford,2023-01-01 21:52:00,77121.20763,91.80734813,700.0,31.84944638,92.24032455,41.3727876,2.519761869,62.46435228,21.34947458,83.71311009,511.6779017,1.366047123,3094.578774,889.379296,7.278397334,16.17919987,0,83.89265161,32.0358508,56.50709002,57.69487197,30.76282256,12.68670924,-8.921124445,21.19941133,14.28935288,69.90692175,94.91795171,78.63273203,20.28496939,83.38340216,32.23154417,75.32871338,0,0,0,01-01-2050 00:00,No Failure
VEH0046,Ford,2023-01-01 22:24:00,76879.59461,93.92723121,3038.333937,31.01209856,86.43882317,23.7666862,7.609241898,62.5974121,41.88598978,87.14659769,247.8162602,1.512561269,3092.89891,939.7927499,7.331740636,102.8522876,1,46.12353358,65.25266832,54.60594655,74.71657631,58.23807018,13.11143343,-1.077928294,25.0675219,14.3035392,76.49889277,94.94439575,98.49917278,24.97555057,58.29052766,28.20078253,78.64102381,0,0,0,01-01-2050 00:00,No Failure
VEH0046,Ford,2023-01-01 23:12:00,77047.37963,88.17912877,2039.911064,30.66734514,92.52100009,69.91755671,1.109362032,14.9867928,34.53664805,86.45897578,507.7263156,0.975551764,3094.008978,967.3697701,7.302766268,41.05597909,0,70.0013451,48.86665317,33.15542491,50.44274477,-21.92966472,12.50226426,-18.33521675,21.77237523,13.94468733,58.60659832,94.92885112,76.42526205,20.18731687,56.4612262,30.33828173,75.91576142,0,0,0,01-01-2050 00:00,No Failure
VEH0046,Ford,2023-01-01 23:26:00,77348.14919,96.63901518,856.117284,72.16890823,87.21788314,0.752186845,3.85011261,0.0,35.80398893,55.25404376,388.1201298,1.422136555,3096.110448,1062.530869,7.247559378,60.59204506,0,14.28968948,-2.384768741,47.3207708,84.20383347,24.12194037,12.70836666,-15.03362855,24.23352838,13.68191109,95.83713381,94.9007091,91.29186882,45.80202758,65.81895797,28.48897258,81.77348447,0,0,0,01-01-2050 00:00,No Failure
VEH0046,Ford,2023-01-01 23:51:00,76960.86881,91.08400968,1877.224279,51.86025116,85.16211594,34.46981702,7.055312965,24.03222617,13.42779456,63.94149103,397.3271342,1.614322667,3093.496856,896.8419629,7.314722454,88.02840738,0,81.03515745,42.45100684,116.8404558,84.57824337,109.8964312,12.56908886,13.97094332,24.64926578,14.14484731,63.34594506,94.93594308,50.62234618,31.4357777,62.44343061,31.97606314,77.58813128,0,0,0,01-01-2050 00:00,No Failure
VEH0046,Ford,2023-01-02 01:08:00,76957.17285,91.51745877,1912.803721,38.83939979,86.64894677,60.62864327,7.158246483,49.7858232,57.11270513,44.71526435,482.0255187,1.838455087,3093.473769,962.4609928,7.318498751,108.6566619,0,78.06218624,72.23491546,24.80424841,91.68220823,47.73538254,13.06857701,2.818620075,25.96552723,13.96671715,86.73741954,94.93793338,122.0082002,27.79713222,66.45013301,34.99147738,76.10355695,0,0,0,01-01-2050 00:00,No Failure
VEH0046,Ford,2023-01-02 04:20:00,77207.54902,95.56680351,2445.255169,41.90963745,92.44016117,75.15628731,9.423629726,29.1851938,31.26009807,79.08782396,549.6656126,1.363468136,3095.516384,1015.936126,7.266064112,166.5233242,0,29.82034125,52.50523721,43.81051682,66.34759098,44.45938651,11.94856674,-10.81452698,24.37330511,14.38173263,49.82843927,94.91186996,74.12411008,15.94539354,84.17045687,31.57226373,80.21701911,0,0,0,01-01-2050 00:00,No Failure
VEH0046,Ford,2023-01-02 04:35:00,77251.61021,98.20167869,1804.223267,38.03342112,91.21406737,96.33792878,4.386598787,38.57197584,0.0,65.90934886,385.1203484,2.309426173,3095.775588,949.9934044,7.260076485,123.8251993,1,71.77504204,73.57267567,3.763390209,49.04313789,67.99440258,12.1316526,56.08189931,18.17390662,14.31190601,59.97541417,94.90791308,0.373273732,27.99111602,65.6287374,30.04729685,81.16909906,0,0,0,01-01-2050 00:00,No Failure
VEH0046,Ford,2023-01-02 05:27:00,77093.83228,92.25804875,1627.923784,45.60270497,91.44634089,43.71830511,7.989310188,12.70926892,18.14942101,31.00527101,524.3017962,1.818730497,3094.539801,1107.558565,7.286294304,184.6766927,0,23.03292392,51.95326353,41.81930688,78.61295634,41.71892325,13.17129595,33.99352954,18.77564602,13.96085389,46.9861293,94.92027466,69.17697003,38.40566856,60.13023299,30.49541198,78.16984108,0,0,0,01-01-2050 00:00,No Failure
VEH0046,Ford,2023-01-02 06:00:00,77298.4573,97.74975206,1553.246517,55.69498972,89.82759923,27.06562912,0.0,28.72795898,16.97927919,71.57715017,646.203117,1.381817301,3095.969644,1026.991474,7.250530987,28.62913974,0,54.75785285,12.5127391,29.83262582,74.13839028,93.95737058,12.21894772,17.85722124,29.95917552,14.28162528,61.00311976,94.90332767,131.9936066,27.72026728,55.9544966,29.3776192,84.02704027,0,0,0,01-01-2050 00:00,No Failure
VEH0046,Ford,2023-01-02 10:50:00,77375.26116,95.94072909,2131.224346,62.24693784,85.64166464,0.4919312,5.586124065,75.47777613,70.84687775,53.33538178,376.3767123,1.420728529,3096.573381,893.2677438,7.239653211,54.43759624,0,20.33348091,63.21981555,-5.217823782,7.710063212,88.97515037,12.66360152,2.04792331,27.89016745,14.16295474,94.28157652,94.89687945,117.9863497,17.56226674,55.26975644,30.40533878,75.27619059,0,0,0,01-01-2050 00:00,No Failure
